Unity Editor version:    6000.6.3f1 (45d8eee7de74)
Branch:                  6000.6/staging
Build type:              Release
Batch mode:              NO
macOS version:           Version 26.6.2 (Build 25G83)
Darwin version:          25.6.0
Architecture:            arm64
Running under Rosetta:   NO
Available memory:        36864 MB
Date:                    2026-10-02T17:04:14Z
VBCSCompilerPreWarmer: watching VBCSCompiler (PID 26708)
VBCSCompilerPreWarmer: pre-warm launched (dotnet PID 26710)
VBCSCompiler prewarm took 15.34 ms
[Licensing::Module] Trying to connect to existing licensing client channel...
[Licensing::IpcConnector] Successfully connected to: "LicenseClient-cassiuspalacio" at "2026-10-02T17:04:14.958704Z"

COMMAND LINE ARGUMENTS:
/Applications/Unity/Hub/Editor/6000.6.3f1/Unity.app/Contents/MacOS/Unity
-projectpath
/Users/cassiuspalacio/Documents/UC Berkeley TDF/DesComp/DesComp Project_CompVis/Paladin_Digiphant/Paladin_Digiphant
-acceptSoftwareTermsForThisRunOnly
-useHub
-hubIPC
-cloudEnvironment
production
-licensingIpc
LicenseClient-cassiuspalacio
-hubSessionId
ee5d35c0-c9dd-4a59-8b55-9aec875df9a6
-accessToken
4w_6OeNVJ7riHxd6O6V_5IvrINlnJgcvhCFu6-XQu6k001f
Successfully changed project path to: /Users/cassiuspalacio/Documents/UC Berkeley TDF/DesComp/DesComp Project_CompVis/Paladin_Digiphant/Paladin_Digiphant
/Users/cassiuspalacio/Documents/UC Berkeley TDF/DesComp/DesComp Project_CompVis/Paladin_Digiphant/Paladin_Digiphant
[UnityMemory] Configuration Parameters - Can be set up in boot.config
    "memorysetup-temp-allocator-size-gi-baking-worker=262144"
    "memorysetup-temp-allocator-size-gi-baking-worker=262144"
    "memorysetup-temp-allocator-size-gi-baking-worker=262144"
    "memorysetup-temp-allocator-size-gi-baking-worker=262144"
    "memorysetup-temp-allocator-size-gi-baking-worker=262144"
    "memorysetup-temp-allocator-size-nav-mesh-worker=65536"
    "memorysetup-temp-allocator-size-audio-worker=65536"
    "memorysetup-temp-allocator-size-cloud-worker=32768"
    "memorysetup-temp-allocator-size-preload-manager=33554432"
    "memorysetup-remapper-allocator-initial-capacity=32768"
    "memorysetup-temp-allocator-size-gfx=262144"
    "memorysetup-allocator-temp-initial-block-size-main=262144"
    "memorysetup-allocator-temp-initial-block-size-worker=262144"
    "memorysetup-temp-allocator-size-background-worker=32768"
    "memorysetup-temp-allocator-size-job-worker=262144"
    "memorysetup-bucket-allocator-granularity=16"
    "memorysetup-bucket-allocator-bucket-count=8"
    "memorysetup-bucket-allocator-block-size=33554432"
    "memorysetup-bucket-allocator-block-count=8"
    "memorysetup-main-allocator-block-size=16777216"
    "memorysetup-thread-allocator-block-size=16777216"
    "memorysetup-main-allocator-mimalloc-enabled=1"
    "memorysetup-gfx-main-allocator-block-size=16777216"
    "memorysetup-gfx-thread-allocator-block-size=16777216"
    "memorysetup-cache-allocator-block-size=4194304"
    "memorysetup-typetree-allocator-block-size=2097152"
    "memorysetup-profiler-bucket-allocator-granularity=16"
    "memorysetup-profiler-bucket-allocator-bucket-count=8"
    "memorysetup-profiler-bucket-allocator-block-size=33554432"
    "memorysetup-profiler-bucket-allocator-block-count=8"
    "memorysetup-profiler-allocator-block-size=16777216"
    "memorysetup-profiler-editor-allocator-block-size=1048576"
    "memorysetup-temp-allocator-size-main=16777216"
    "memorysetup-job-temp-allocator-block-size=2097152"
    "memorysetup-job-temp-allocator-block-size-background=1048576"
    "memorysetup-job-temp-allocator-reduction-small-platforms=262144"
Player connection [8512889216]  Target information:

Player connection [8512889216]  * "[IP] 172.24.92.185 [Port] 55504 [Flags] 2 [Guid] 680214556 [EditorId] 680214556 [Version] 1048832 [Id] OSXEditor(0,Cassiuss-MacBook-Pro-2.local) [Debug] 1 [PackageName] OSXEditor [ProjectName] Editor" 

Player connection [8512889216]  * "[IP] 10.211.55.2 [Port] 55504 [Flags] 2 [Guid] 680214556 [EditorId] 680214556 [Version] 1048832 [Id] OSXEditor(0,Cassiuss-MacBook-Pro-2.local) [Debug] 1 [PackageName] OSXEditor [ProjectName] Editor" 

Player connection [8512889216]  * "[IP] 10.37.129.2 [Port] 55504 [Flags] 2 [Guid] 680214556 [EditorId] 680214556 [Version] 1048832 [Id] OSXEditor(0,Cassiuss-MacBook-Pro-2.local) [Debug] 1 [PackageName] OSXEditor [ProjectName] Editor" 

Player connection [8512889216] Host joined multi-casting on [225.0.0.222:54997]...
Player connection [8512889216] Host joined alternative multi-casting on [225.0.0.222:34997]...
Input System module state changed to: Initialized.
[Physics::Module] Initialized fallback backend.
[Physics::Module] Id: 0xdecafbad
[Licensing::Client] Handshaking with LicensingClient:
  Version:                 1.18.3+d7ffd15
  Session Id:              f4d12190832640cfaa00bf544296b886
  Correlation Id:          6d6fa8ea0e34d633b398c2c4416770bf
  External correlation Id: 3379137463147829490
  Machine Id:              Mnvp7NYF2FmFotpLRlOSQsBVfW4=
[Licensing::Module] Successfully connected to LicensingClient on channel: "LicenseClient-cassiuspalacio" (connect: 0.00s, validation: 0.00s, handshake: 0.41s)
[Licensing::IpcConnector] Successfully connected to: "LicenseClient-cassiuspalacio-notifications" at "2026-10-02T17:04:15.373192Z"
[Licensing::Client] Successfully updated the access token
[Licensing::Module] Successfully updated the access token 4w_6OeNVJ7...
[Licensing::Client] Successfully resolved entitlement details
[Licensing::Module] License group:
  Id: 1376000893733-UnityPersXXXX
  Product: Unity Personal
  Type: Assigned
  Expiration: Unlimited
[Licensing::Client] Successfully updated license, isAsync: True, time: 0.00
[Licensing::Client] Successfully resolved entitlement details
[Licensing::Module] Licensing Background thread has ended after 0.42s
[Package Manager] Connected to IPC stream "Upm-26705" after 0.6 seconds.
[Licensing::Client] Successfully resolved entitlement details
Library Redirect Path: Library/
Initialising UDS system complete:
  - System type: Client
  - Resource namespace: fdef4e975b2dee3aef80b47b4daeabf7
  - Shared memory size: 1073741824
  - Command buffer id: 1052672
  - Command buffer size: 8192
  - Hashmap size: 4194304
  - Service connected: false
Launching Unity Data Store - /Applications/Unity/Hub/Editor/6000.6.3f1/Unity.app/Contents/Helpers/Unity.DataStore 
Unity Data Store artifact dir = Library/DataStore, working dir = /Users/cassiuspalacio/Documents/UC Berkeley TDF/DesComp/DesComp Project_CompVis/Paladin_Digiphant/Paladin_DigiphantUnity Data Store running and initialised
[Physics::Module] Selected backend (deferred post-plugins).
[Physics::Module] Name: PhysX
[Physics::Module] Id: 0xf2b8ea05
[Physics::Module] SDK Version: 4.1.2
[Physics::Module] Integration Version: 1.0.0
[Physics::Module] Threading Mode: Multi-Threaded
Initialize engine version: 6000.6.3f1 (45d8eee7de74)
[EntityIdStore] init: VM path (explicit commit), pageSize=16384, blockCount=262144, entitiesPerBlock=1024, slots reserved=4294967296 bytes
[Subsystems] Discovering subsystems at path /Applications/Unity/Hub/Editor/6000.6.3f1/Unity.app/Contents/Resources/UnitySubsystems
[Subsystems] Discovering subsystems at path /Users/cassiuspalacio/Documents/UC Berkeley TDF/DesComp/DesComp Project_CompVis/Paladin_Digiphant/Paladin_Digiphant/Assets
GfxDevice: creating device client; kGfxThreadingModeThreaded
 preferred device: Apple M4 Max (high power)
Metal devices available: 1
0: Apple M4 Max (high power)
Using device Apple M4 Max (high power)
Initializing Metal device caps: Apple M4 Max
Mac GPU Family: 2
Apple GPU Family: 9
MSL Version: 3.0
Has Float MSAA: 1
Has Float Filtering: 1
ReadWrite Texture Tier: 2
Initialize mono
Mono path[0] = '/Applications/Unity/Hub/Editor/6000.6.3f1/Unity.app/Contents/Resources/Scripting/Managed'
Mono path[1] = '/Applications/Unity/Hub/Editor/6000.6.3f1/Unity.app/Contents/Resources/Scripting/BCLExtensions/runtime/netstandard2.1'
Mono path[2] = '/Applications/Unity/Hub/Editor/6000.6.3f1/Unity.app/Contents/Resources/Scripting/MonoBleedingEdge/lib/mono/unityjit-macos'
Mono config path = '/Applications/Unity/Hub/Editor/6000.6.3f1/Unity.app/Contents/Resources/Scripting/MonoBleedingEdge/etc'
Using monoOptions --debugger-agent=transport=dt_socket,embedding=1,server=y,suspend=n,address=127.0.0.1:56705
CodeReloadManager initialized
ImportWorker Server TCP listen port: 0
AcceleratorClientConnectionCallback - disconnected - :0
Begin MonoManager ReloadAssembly
Registering precompiled unity dll's ...
Register platform support module: /Applications/Unity/Hub/Editor/6000.6.3f1/PlaybackEngines/WebGLSupport/UnityEditor.WebGL.Extensions.dll
Register platform support module: /Applications/Unity/Hub/Editor/6000.6.3f1/PlaybackEngines/MacStandaloneSupport/UnityEditor.OSXStandalone.Extensions.dll
Registered in 0.001662 seconds.
Native extension for OSXStandalone target not found
Native extension for WebGL target not found
Package Manager log level set to [2]
ScheduleIndexationOnStartup MainProcess:False IndexOnStartup:True
Scripting: successfully reloaded assembly
- Finished resetting the current domain, in  0.748 seconds
Domain Reload Profiling: 1105ms
	BeginReloadAssembly (94ms)
		CreateAndSetChildDomain (4ms)
	RebuildCommonClasses (3ms)
	RebuildNativeTypeToScriptingClass (14ms)
	initialDomainReloadingComplete (40ms)
	LoadAllAssembliesAndSetupDomain (206ms)
		LoadAssemblies (90ms)
		TypeCache.Refresh (147ms)
			TypeCache.ScanAssembly (135ms)
		AnalyzeDomain (0ms)
	FinalizeReload (748ms)
		SetupLoadedEditorAssemblies (0ms)
			BeforeProcessingInitializeOnLoad (55ms)
			ProcessInitializeOnLoadAttributes (66ms)
			ProcessInitializeOnLoadMethodAttributes (480ms)
[Licensing::Client] Successfully resolved entitlement details
Application.AssetDatabase Initial Refresh Start
[Package Manager] Restoring resolved packages state from cache
[Licensing::Client] Successfully resolved entitlement details
[Package Manager] Registered 59 packages:
  Packages from [https://packages.unity.com]:
    com.unity.ai.navigation@2.0.14 (location: /Users/cassiuspalacio/Documents/UC Berkeley TDF/DesComp/DesComp Project_CompVis/Paladin_Digiphant/Paladin_Digiphant/Library/PackageCache/com.unity.ai.navigation@134dd6a3b97b)
    com.unity.collab-proxy@2.13.6 (location: /Users/cassiuspalacio/Documents/UC Berkeley TDF/DesComp/DesComp Project_CompVis/Paladin_Digiphant/Paladin_Digiphant/Library/PackageCache/com.unity.collab-proxy@4628d2ba6ea4)
    com.unity.ide.rider@3.0.38 (location: /Users/cassiuspalacio/Documents/UC Berkeley TDF/DesComp/DesComp Project_CompVis/Paladin_Digiphant/Paladin_Digiphant/Library/PackageCache/com.unity.ide.rider@1f60b3138684)
    com.unity.ide.visualstudio@2.0.26 (location: /Users/cassiuspalacio/Documents/UC Berkeley TDF/DesComp/DesComp Project_CompVis/Paladin_Digiphant/Paladin_Digiphant/Library/PackageCache/com.unity.ide.visualstudio@a99d56dec63f)
    com.unity.inputsystem@1.20.0 (location: /Users/cassiuspalacio/Documents/UC Berkeley TDF/DesComp/DesComp Project_CompVis/Paladin_Digiphant/Paladin_Digiphant/Library/PackageCache/com.unity.inputsystem@7a4e1a2a8194)
    com.unity.visualscripting@1.9.12 (location: /Users/cassiuspalacio/Documents/UC Berkeley TDF/DesComp/DesComp Project_CompVis/Paladin_Digiphant/Paladin_Digiphant/Library/PackageCache/com.unity.visualscripting@4edfcc09512f)
    com.unity.searcher@4.9.5 (location: /Users/cassiuspalacio/Documents/UC Berkeley TDF/DesComp/DesComp Project_CompVis/Paladin_Digiphant/Paladin_Digiphant/Library/PackageCache/com.unity.searcher@a463122f2c00)
    com.unity.profiling.core@1.0.3 (location: /Users/cassiuspalacio/Documents/UC Berkeley TDF/DesComp/DesComp Project_CompVis/Paladin_Digiphant/Paladin_Digiphant/Library/PackageCache/com.unity.profiling.core@8a49f7027d06)
    com.unity.nuget.mono-cecil@1.11.6 (location: /Users/cassiuspalacio/Documents/UC Berkeley TDF/DesComp/DesComp Project_CompVis/Paladin_Digiphant/Paladin_Digiphant/Library/PackageCache/com.unity.nuget.mono-cecil@ecb9724e46ff)
  Built-in packages:
    com.unity.render-pipelines.universal@17.6.0 (location: /Users/cassiuspalacio/Documents/UC Berkeley TDF/DesComp/DesComp Project_CompVis/Paladin_Digiphant/Paladin_Digiphant/Library/PackageCache/com.unity.render-pipelines.universal@327d93d1cbc8)
    com.unity.test-framework@1.8.0 (location: /Users/cassiuspalacio/Documents/UC Berkeley TDF/DesComp/DesComp Project_CompVis/Paladin_Digiphant/Paladin_Digiphant/Library/PackageCache/com.unity.test-framework@80f691d4262b)
    com.unity.timeline@6.6.0 (location: /Users/cassiuspalacio/Documents/UC Berkeley TDF/DesComp/DesComp Project_CompVis/Paladin_Digiphant/Paladin_Digiphant/Library/PackageCache/com.unity.timeline@c56d56b0070b)
    com.unity.ugui@2.6.0 (location: /Users/cassiuspalacio/Documents/UC Berkeley TDF/DesComp/DesComp Project_CompVis/Paladin_Digiphant/Paladin_Digiphant/Library/PackageCache/com.unity.ugui@0727b404f3a0)
    com.unity.modules.accessibility@1.0.0 (location: /Users/cassiuspalacio/Documents/UC Berkeley TDF/DesComp/DesComp Project_CompVis/Paladin_Digiphant/Paladin_Digiphant/Library/PackageCache/com.unity.modules.accessibility)
    com.unity.modules.adaptiveperformance@1.0.0 (location: /Users/cassiuspalacio/Documents/UC Berkeley TDF/DesComp/DesComp Project_CompVis/Paladin_Digiphant/Paladin_Digiphant/Library/PackageCache/com.unity.modules.adaptiveperformance)
    com.unity.modules.ai@1.0.0 (location: /Users/cassiuspalacio/Documents/UC Berkeley TDF/DesComp/DesComp Project_CompVis/Paladin_Digiphant/Paladin_Digiphant/Library/PackageCache/com.unity.modules.ai)
    com.unity.modules.androidjni@1.0.0 (location: /Users/cassiuspalacio/Documents/UC Berkeley TDF/DesComp/DesComp Project_CompVis/Paladin_Digiphant/Paladin_Digiphant/Library/PackageCache/com.unity.modules.androidjni)
    com.unity.modules.animation@1.0.0 (location: /Users/cassiuspalacio/Documents/UC Berkeley TDF/DesComp/DesComp Project_CompVis/Paladin_Digiphant/Paladin_Digiphant/Library/PackageCache/com.unity.modules.animation)
    com.unity.modules.assetbundle@1.0.0 (location: /Users/cassiuspalacio/Documents/UC Berkeley TDF/DesComp/DesComp Project_CompVis/Paladin_Digiphant/Paladin_Digiphant/Library/PackageCache/com.unity.modules.assetbundle)
    com.unity.modules.audio@1.0.0 (location: /Users/cassiuspalacio/Documents/UC Berkeley TDF/DesComp/DesComp Project_CompVis/Paladin_Digiphant/Paladin_Digiphant/Library/PackageCache/com.unity.modules.audio)
    com.unity.modules.cloth@1.0.0 (location: /Users/cassiuspalacio/Documents/UC Berkeley TDF/DesComp/DesComp Project_CompVis/Paladin_Digiphant/Paladin_Digiphant/Library/PackageCache/com.unity.modules.cloth)
    com.unity.modules.director@1.0.0 (location: /Users/cassiuspalacio/Documents/UC Berkeley TDF/DesComp/DesComp Project_CompVis/Paladin_Digiphant/Paladin_Digiphant/Library/PackageCache/com.unity.modules.director)
    com.unity.modules.imageconversion@1.0.0 (location: /Users/cassiuspalacio/Documents/UC Berkeley TDF/DesComp/DesComp Project_CompVis/Paladin_Digiphant/Paladin_Digiphant/Library/PackageCache/com.unity.modules.imageconversion)
    com.unity.modules.imgui@1.0.0 (location: /Users/cassiuspalacio/Documents/UC Berkeley TDF/DesComp/DesComp Project_CompVis/Paladin_Digiphant/Paladin_Digiphant/Library/PackageCache/com.unity.modules.imgui)
    com.unity.modules.jsonserialize@1.0.0 (location: /Users/cassiuspalacio/Documents/UC Berkeley TDF/DesComp/DesComp Project_CompVis/Paladin_Digiphant/Paladin_Digiphant/Library/PackageCache/com.unity.modules.jsonserialize)
    com.unity.modules.particlesystem@1.0.0 (location: /Users/cassiuspalacio/Documents/UC Berkeley TDF/DesComp/DesComp Project_CompVis/Paladin_Digiphant/Paladin_Digiphant/Library/PackageCache/com.unity.modules.particlesystem)
    com.unity.modules.physics@1.0.0 (location: /Users/cassiuspalacio/Documents/UC Berkeley TDF/DesComp/DesComp Project_CompVis/Paladin_Digiphant/Paladin_Digiphant/Library/PackageCache/com.unity.modules.physics)
    com.unity.modules.physics2d@1.0.0 (location: /Users/cassiuspalacio/Documents/UC Berkeley TDF/DesComp/DesComp Project_CompVis/Paladin_Digiphant/Paladin_Digiphant/Library/PackageCache/com.unity.modules.physics2d)
    com.unity.modules.physicscore2d@1.0.0 (location: /Users/cassiuspalacio/Documents/UC Berkeley TDF/DesComp/DesComp Project_CompVis/Paladin_Digiphant/Paladin_Digiphant/Library/PackageCache/com.unity.modules.physicscore2d)
    com.unity.modules.screencapture@1.0.0 (location: /Users/cassiuspalacio/Documents/UC Berkeley TDF/DesComp/DesComp Project_CompVis/Paladin_Digiphant/Paladin_Digiphant/Library/PackageCache/com.unity.modules.screencapture)
    com.unity.modules.terrain@1.0.0 (location: /Users/cassiuspalacio/Documents/UC Berkeley TDF/DesComp/DesComp Project_CompVis/Paladin_Digiphant/Paladin_Digiphant/Library/PackageCache/com.unity.modules.terrain)
    com.unity.modules.terrainphysics@1.0.0 (location: /Users/cassiuspalacio/Documents/UC Berkeley TDF/DesComp/DesComp Project_CompVis/Paladin_Digiphant/Paladin_Digiphant/Library/PackageCache/com.unity.modules.terrainphysics)
    com.unity.modules.tetgen@1.0.0 (location: /Users/cassiuspalacio/Documents/UC Berkeley TDF/DesComp/DesComp Project_CompVis/Paladin_Digiphant/Paladin_Digiphant/Library/PackageCache/com.unity.modules.tetgen)
    com.unity.modules.tilemap@1.0.0 (location: /Users/cassiuspalacio/Documents/UC Berkeley TDF/DesComp/DesComp Project_CompVis/Paladin_Digiphant/Paladin_Digiphant/Library/PackageCache/com.unity.modules.tilemap)
    com.unity.modules.timelinefoundation@1.0.0 (location: /Users/cassiuspalacio/Documents/UC Berkeley TDF/DesComp/DesComp Project_CompVis/Paladin_Digiphant/Paladin_Digiphant/Library/PackageCache/com.unity.modules.timelinefoundation)
    com.unity.modules.ui@1.0.0 (location: /Users/cassiuspalacio/Documents/UC Berkeley TDF/DesComp/DesComp Project_CompVis/Paladin_Digiphant/Paladin_Digiphant/Library/PackageCache/com.unity.modules.ui)
    com.unity.modules.uielements@1.0.0 (location: /Users/cassiuspalacio/Documents/UC Berkeley TDF/DesComp/DesComp Project_CompVis/Paladin_Digiphant/Paladin_Digiphant/Library/PackageCache/com.unity.modules.uielements)
    com.unity.modules.umbra@1.0.0 (location: /Users/cassiuspalacio/Documents/UC Berkeley TDF/DesComp/DesComp Project_CompVis/Paladin_Digiphant/Paladin_Digiphant/Library/PackageCache/com.unity.modules.umbra)
    com.unity.modules.unityanalytics@1.0.0 (location: /Users/cassiuspalacio/Documents/UC Berkeley TDF/DesComp/DesComp Project_CompVis/Paladin_Digiphant/Paladin_Digiphant/Library/PackageCache/com.unity.modules.unityanalytics)
    com.unity.modules.unitywebrequest@1.0.0 (location: /Users/cassiuspalacio/Documents/UC Berkeley TDF/DesComp/DesComp Project_CompVis/Paladin_Digiphant/Paladin_Digiphant/Library/PackageCache/com.unity.modules.unitywebrequest)
    com.unity.modules.unitywebrequestassetbundle@1.0.0 (location: /Users/cassiuspalacio/Documents/UC Berkeley TDF/DesComp/DesComp Project_CompVis/Paladin_Digiphant/Paladin_Digiphant/Library/PackageCache/com.unity.modules.unitywebrequestassetbundle)
    com.unity.modules.unitywebrequestaudio@1.0.0 (location: /Users/cassiuspalacio/Documents/UC Berkeley TDF/DesComp/DesComp Project_CompVis/Paladin_Digiphant/Paladin_Digiphant/Library/PackageCache/com.unity.modules.unitywebrequestaudio)
    com.unity.modules.unitywebrequesttexture@1.0.0 (location: /Users/cassiuspalacio/Documents/UC Berkeley TDF/DesComp/DesComp Project_CompVis/Paladin_Digiphant/Paladin_Digiphant/Library/PackageCache/com.unity.modules.unitywebrequesttexture)
    com.unity.modules.unitywebrequestwww@1.0.0 (location: /Users/cassiuspalacio/Documents/UC Berkeley TDF/DesComp/DesComp Project_CompVis/Paladin_Digiphant/Paladin_Digiphant/Library/PackageCache/com.unity.modules.unitywebrequestwww)
    com.unity.modules.vectorgraphics@1.0.0 (location: /Users/cassiuspalacio/Documents/UC Berkeley TDF/DesComp/DesComp Project_CompVis/Paladin_Digiphant/Paladin_Digiphant/Library/PackageCache/com.unity.modules.vectorgraphics)
    com.unity.modules.vehicles@1.0.0 (location: /Users/cassiuspalacio/Documents/UC Berkeley TDF/DesComp/DesComp Project_CompVis/Paladin_Digiphant/Paladin_Digiphant/Library/PackageCache/com.unity.modules.vehicles)
    com.unity.modules.video@1.0.0 (location: /Users/cassiuspalacio/Documents/UC Berkeley TDF/DesComp/DesComp Project_CompVis/Paladin_Digiphant/Paladin_Digiphant/Library/PackageCache/com.unity.modules.video)
    com.unity.modules.wind@1.0.0 (location: /Users/cassiuspalacio/Documents/UC Berkeley TDF/DesComp/DesComp Project_CompVis/Paladin_Digiphant/Paladin_Digiphant/Library/PackageCache/com.unity.modules.wind)
    com.unity.modules.xr@1.0.0 (location: /Users/cassiuspalacio/Documents/UC Berkeley TDF/DesComp/DesComp Project_CompVis/Paladin_Digiphant/Paladin_Digiphant/Library/PackageCache/com.unity.modules.xr)
    com.unity.modules.subsystems@1.0.0 (location: /Users/cassiuspalacio/Documents/UC Berkeley TDF/DesComp/DesComp Project_CompVis/Paladin_Digiphant/Paladin_Digiphant/Library/PackageCache/com.unity.modules.subsystems)
    com.unity.modules.hierarchycore@1.0.0 (location: /Users/cassiuspalacio/Documents/UC Berkeley TDF/DesComp/DesComp Project_CompVis/Paladin_Digiphant/Paladin_Digiphant/Library/PackageCache/com.unity.modules.hierarchycore)
    com.unity.ext.nunit@2.1.0 (location: /Users/cassiuspalacio/Documents/UC Berkeley TDF/DesComp/DesComp Project_CompVis/Paladin_Digiphant/Paladin_Digiphant/Library/PackageCache/com.unity.ext.nunit@0198eae3b53e)
    com.unity.render-pipelines.core@17.6.0 (location: /Users/cassiuspalacio/Documents/UC Berkeley TDF/DesComp/DesComp Project_CompVis/Paladin_Digiphant/Paladin_Digiphant/Library/PackageCache/com.unity.render-pipelines.core@02d75770e4b3)
    com.unity.shadergraph@17.6.0 (location: /Users/cassiuspalacio/Documents/UC Berkeley TDF/DesComp/DesComp Project_CompVis/Paladin_Digiphant/Paladin_Digiphant/Library/PackageCache/com.unity.shadergraph@1dd0fd24b57e)
    com.unity.render-pipelines.universal-config@17.6.0 (location: /Users/cassiuspalacio/Documents/UC Berkeley TDF/DesComp/DesComp Project_CompVis/Paladin_Digiphant/Paladin_Digiphant/Library/PackageCache/com.unity.render-pipelines.universal-config@561422b74439)
    com.unity.graph-authoring@1.0.0 (location: /Users/cassiuspalacio/Documents/UC Berkeley TDF/DesComp/DesComp Project_CompVis/Paladin_Digiphant/Paladin_Digiphant/Library/PackageCache/com.unity.graph-authoring@cfd2588851ee)
    com.unity.burst@2.0.0 (location: /Users/cassiuspalacio/Documents/UC Berkeley TDF/DesComp/DesComp Project_CompVis/Paladin_Digiphant/Paladin_Digiphant/Library/PackageCache/com.unity.burst@626e66ab421b)
    com.unity.collections@6.6.0 (location: /Users/cassiuspalacio/Documents/UC Berkeley TDF/DesComp/DesComp Project_CompVis/Paladin_Digiphant/Paladin_Digiphant/Library/PackageCache/com.unity.collections@10fff0607388)
    com.unity.test-framework.performance@6.6.0 (location: /Users/cassiuspalacio/Documents/UC Berkeley TDF/DesComp/DesComp Project_CompVis/Paladin_Digiphant/Paladin_Digiphant/Library/PackageCache/com.unity.test-framework.performance@b6023decb532)
[Subsystems] No new subsystems found in resolved package list.
[Package Manager] Done registering packages in 0.01 seconds
Starting: /Applications/Unity/Hub/Editor/6000.6.3f1/Unity.app/Contents/Resources/BuildPipeline/bee_backend --ipc --defer-dag-verification --dagfile="Library/Bee/200b0aE.dag" --continue-on-failure --profile="Library/Bee/backend1.traceevents" ScriptAssemblies
WorkingDir: /Users/cassiuspalacio/Documents/UC Berkeley TDF/DesComp/DesComp Project_CompVis/Paladin_Digiphant/Paladin_Digiphant
ExitCode: 4 Duration: 0s107ms
Rebuilding DAG because FileSignature timestamp changed: Library/Bee/200b0aE-inputdata.json
*** Tundra requires additional run (0.08 seconds), 0 items updated, 22 evaluated
Starting: /Applications/Unity/Hub/Editor/6000.6.3f1/Unity.app/Contents/Resources/Scripting/DotNetSdk/dotnet "/Applications/Unity/Hub/Editor/6000.6.3f1/Unity.app/Contents/Resources/BuildPipeline/ScriptCompilationBuildProgram.exe" "Library/Bee/200b0aE.dag.json" "Library/Bee/200b0aE-inputdata.json" "Library/Bee/buildprogram0.traceevents"
WorkingDir: /Users/cassiuspalacio/Documents/UC Berkeley TDF/DesComp/DesComp Project_CompVis/Paladin_Digiphant/Paladin_Digiphant
ExitCode: 0 Duration: 0s991ms
Starting: /Applications/Unity/Hub/Editor/6000.6.3f1/Unity.app/Contents/Resources/BuildPipeline/bee_backend --ipc --defer-dag-verification --dagfile="Library/Bee/200b0aE.dag" --continue-on-failure --dagfilejson="Library/Bee/200b0aE.dag.json" --profile="Library/Bee/backend2.traceevents" ScriptAssemblies
WorkingDir: /Users/cassiuspalacio/Documents/UC Berkeley TDF/DesComp/DesComp Project_CompVis/Paladin_Digiphant/Paladin_Digiphant
warn: Unity.ILPP.Runner.PostProcessingAssemblyLoadContext[0]
      Assembly system.runtime.interopservices.windowsruntime has duplicate hint path. Ignoring "/Applications/Unity/Hub/Editor/6000.6.3f1/Unity.app/Contents/Resources/Scripting/UnityReferenceAssemblies/unity-4.8-api/Facades/System.Runtime.InteropServices.WindowsRuntime.dll" in favor of "/Applications/Unity/Hub/Editor/6000.6.3f1/Unity.app/Contents/Resources/Scripting/NetStandard/Extensions/2.0.0/System.Runtime.InteropServices.WindowsRuntime.dll"
warn: Unity.ILPP.Runner.PostProcessingAssemblyLoadContext[0]
      Assembly system.componentmodel.composition has duplicate hint path. Ignoring "/Applications/Unity/Hub/Editor/6000.6.3f1/Unity.app/Contents/Resources/Scripting/UnityReferenceAssemblies/unity-4.8-api/System.ComponentModel.Composition.dll" in favor of "/Applications/Unity/Hub/Editor/6000.6.3f1/Unity.app/Contents/Resources/Scripting/NetStandard/compat/2.1.0/shims/netfx/System.ComponentModel.Composition.dll"
ExitCode: 0 Duration: 12s
Finished compiling graph: 902 nodes, 18805 flattened edges (16001 ToBuild, 148 ToUse), maximum node priority 1022
[211/899    0s] WriteText Library/Bee/artifacts/200b0aE.dag/UnityEngine.TestRunner.rsp
[213/899    0s] WriteText Library/Bee/artifacts/200b0aE.dag/UnityEngine.UI.rsp
[220/899    0s] WriteText Library/Bee/artifacts/200b0aE.dag/UnityEditor.UI.rsp
[221/899    0s] WriteText Library/Bee/artifacts/200b0aE.dag/Unity.Burst.rsp
[225/899    0s] WriteText Library/Bee/artifacts/200b0aE.dag/Unity.RenderPipelines.Core.Runtime.rsp
[226/899    0s] WriteText Library/Bee/artifacts/200b0aE.dag/Unity.Collections.rsp
[227/899    0s] WriteText Library/Bee/artifacts/200b0aE.dag/Unity.InputSystem.rsp
[228/899    0s] WriteText Library/Bee/artifacts/200b0aE.dag/Unity.VisualScripting.Core.rsp
[229/899    0s] WriteText Library/Bee/artifacts/200b0aE.dag/UnityEditor.TestRunner.rsp
[235/899    0s] WriteText Library/Bee/artifacts/200b0aE.dag/Unity.Collections.CodeGen.rsp
[238/899    0s] WriteText Library/Bee/artifacts/200b0aE.dag/Unity.UnifiedRayTracing.Runtime.rsp
[239/899    0s] WriteText Library/Bee/artifacts/200b0aE.dag/Unity.PathTracing.Runtime.rsp
[243/899    0s] WriteText Library/Bee/artifacts/200b0aE.dag/Unity.Profiling.Core.rsp
[247/899    0s] WriteText Library/Bee/artifacts/200b0aE.dag/Unity.InternalAPIEngineBridge.RenderPipelines.Core.Runtime.Shared.rsp
[262/899    0s] WriteText Library/Bee/artifacts/200b0aE.dag/Unity.VisualScripting.Flow.rsp
[263/899    0s] WriteText Library/Bee/artifacts/200b0aE.dag/Unity.InternalAPIEngineBridge.RenderPipelines.Core.Editor.rsp
[264/899    0s] WriteText Library/Bee/artifacts/200b0aE.dag/Unity.RenderPipelines.GPUDriven.Runtime.rsp
[266/899    0s] WriteText Library/Bee/artifacts/200b0aE.dag/Unity.PathTracing.Editor.rsp
[271/899    0s] WriteText Library/Bee/artifacts/200b0aE.dag/Unity.RenderPipelines.Core.Runtime.Shared.rsp
[293/899    0s] WriteText Library/Bee/artifacts/200b0aE.dag/Unity.SurfaceCache.Runtime.rsp
[294/899    0s] WriteText Library/Bee/artifacts/200b0aE.dag/Unity.RenderPipeline.Universal.ShaderLibrary.rsp
[296/899    0s] WriteText Library/Bee/artifacts/200b0aE.dag/Unity.VisualScripting.Core.Editor.rsp
[297/899    0s] WriteText Library/Bee/artifacts/200b0aE.dag/Unity.RenderPipelines.Universal.Config.Runtime.rsp
[298/899    0s] WriteText Library/Bee/artifacts/200b0aE.dag/Unity.InternalAPIEngineBridge.ObjectDispatcher.Runtime.rsp
[307/899    0s] WriteText Library/Bee/artifacts/200b0aE.dag/Unity.Searcher.Editor.rsp
[308/899    0s] WriteText Library/Bee/artifacts/200b0aE.dag/Unity.VisualScripting.State.rsp
[309/899    0s] WriteText Library/Bee/artifacts/200b0aE.dag/Unity.RenderPipelines.Core.Editor.rsp
[310/899    0s] WriteText Library/Bee/artifacts/200b0aE.dag/Unity.GraphAuthoring.Editor.rsp
[311/899    0s] WriteText Library/Bee/artifacts/200b0aE.dag/Unity.RenderPipelines.Universal.Runtime.rsp
[312/899    0s] WriteText Library/Bee/artifacts/200b0aE.dag/Unity.VisualScripting.Flow.Editor.rsp
[314/899    0s] WriteText Library/Bee/artifacts/200b0aE.dag/Unity.InternalAPIEngineBridge.004.rsp
[317/899    0s] WriteText Library/Bee/artifacts/200b0aE.dag/Unity.InternalAPIEditorBridge.ShaderGraph.Editor.rsp
[328/899    0s] WriteText Library/Bee/artifacts/200b0aE.dag/Unity.AI.Navigation.Editor.ConversionSystem.rsp
[333/899    0s] WriteText Library/Bee/artifacts/200b0aE.dag/Unity.ShaderGraph.Utilities.rsp
[334/899    0s] WriteText Library/Bee/artifacts/200b0aE.dag/Unity.AI.Navigation.rsp
[341/899    0s] WriteText Library/Bee/artifacts/200b0aE.dag/Unity.RenderPipelines.Core.Editor.Shared.rsp
[343/899    0s] WriteText Library/Bee/artifacts/200b0aE.dag/Unity.PlasticSCM.Editor.rsp
[344/899    0s] WriteText Library/Bee/artifacts/200b0aE.dag/Unity.RenderPipelines.Universal.2D.Runtime.rsp
[355/899    0s] WriteText Library/Bee/artifacts/200b0aE.dag/Unity.TextMeshPro.rsp
[363/899    0s] WriteText Library/Bee/artifacts/200b0aE.dag/Unity.ShaderGraph.Editor.rsp
[366/899    0s] WriteText Library/Bee/artifacts/200b0aE.dag/Unity.VisualScripting.State.Editor.rsp
[386/899    0s] WriteText Library/Bee/artifacts/200b0aE.dag/Unity.InputSystem.ForUI.rsp
[387/899    0s] WriteText Library/Bee/artifacts/200b0aE.dag/Unity.AI.Navigation.Editor.rsp
[391/899    0s] WriteText Library/Bee/artifacts/200b0aE.dag/Unity.Timeline.rsp
[411/899    0s] WriteText Library/Bee/artifacts/200b0aE.dag/UnityEditor.UI.Analytics.rsp
[412/899    0s] WriteText Library/Bee/artifacts/200b0aE.dag/Unity.TextMeshPro.Editor.rsp
[413/899    0s] WriteText Library/Bee/artifacts/200b0aE.dag/Unity.Timeline.Editor.rsp
[414/899    0s] WriteText Library/Bee/artifacts/200b0aE.dag/Unity.Rendering.LightTransport.Editor.rsp
[415/899    0s] WriteText Library/Bee/artifacts/200b0aE.dag/Unity.Rider.Editor.rsp
[416/899    0s] WriteText Library/Bee/artifacts/200b0aE.dag/Unity.RenderPipelines.Universal.Editor.rsp
[417/899    0s] WriteText Library/Bee/artifacts/200b0aE.dag/Unity.PlasticSCM.Editor.Assistant.rsp
[418/899    0s] WriteText Library/Bee/artifacts/200b0aE.dag/Unity.VisualScripting.SettingsProvider.Editor.rsp
[419/899    0s] WriteText Library/Bee/artifacts/200b0aE.dag/Unity.RenderPipelines.Core.ShaderLibrary.rsp
[420/899    0s] WriteText Library/Bee/artifacts/200b0aE.dag/Unity.RenderPipelines.ShaderGraph.ShaderGraphLibrary.rsp
[421/899    0s] WriteText Library/Bee/artifacts/200b0aE.dag/Unity.Collections.Tests.CoreCLR.PublicJobPrivateGeneric.rsp
[425/899    0s] WriteText Library/Bee/artifacts/200b0aE.dag/Unity.RenderPipelines.Universal.2D.Editor.Overrides.rsp
[426/899    0s] WriteText Library/Bee/artifacts/200b0aE.dag/Unity.Collections.Tests.CoreCLR.PrivateJobNested.rsp
[427/899    0s] WriteText Library/Bee/artifacts/200b0aE.dag/Unity.VisualStudio.Editor.rsp
[428/899    0s] WriteText Library/Bee/artifacts/200b0aE.dag/Unity.InputSystem.ForUI.Editor.rsp
[436/899    0s] WriteText Library/Bee/artifacts/200b0aE.dag/Unity.Collections.Tests.CoreCLR.ProtectedJobNested.rsp
[438/899    0s] WriteText Library/Bee/artifacts/200b0aE.dag/Unity.Collections.Editor.rsp
[440/899    0s] WriteText Library/Bee/artifacts/200b0aE.dag/Unity.VisualScripting.Shared.Editor.rsp
[453/899    0s] WriteText Library/Bee/artifacts/200b0aE.dag/Unity.AI.Navigation.Updater.rsp
[454/899    0s] WriteText Library/Bee/artifacts/200b0aE.dag/Unity.PerformanceTesting.rsp
[458/899    0s] WriteText Library/Bee/artifacts/200b0aE.dag/Unity.Collections.Tests.CoreCLR.InternalJobNestedPrivate.rsp
[459/899    0s] WriteText Library/Bee/artifacts/200b0aE.dag/Assembly-CSharp.rsp
[460/899    0s] WriteText Library/Bee/artifacts/200b0aE.dag/Unity.RenderPipelines.Universal.Shaders.rsp
[461/899    0s] WriteText Library/Bee/artifacts/200b0aE.dag/Unity.InputSystem.TestFramework.rsp
[462/899    0s] WriteText Library/Bee/artifacts/200b0aE.dag/Unity.InputSystem.DocCodeSamples.rsp
[463/899    0s] WriteText Library/Bee/artifacts/200b0aE.dag/Unity.PerformanceTesting.Editor.rsp
[464/899    0s] WriteText Library/Bee/artifacts/200b0aE.dag/Unity.VisualScripting.DocCodeExamples.rsp
[465/899    0s] WriteText Library/Bee/artifacts/200b0aE.dag/Unity.CollabProxy.Editor.rsp
[466/899    0s] WriteText Library/Bee/artifacts/200b0aE.dag/Assembly-CSharp-Editor.rsp
[467/899    0s] WriteText Library/Bee/artifacts/200b0aE.dag/Unity.PlasticSCM.Editor.Entities.rsp
[           0s] Csc Library/Bee/artifacts/200b0aE.dag/UnityEngine.UI.dll (+2 others) [CacheMiss 5ca508e3d3ea109eeed0c16d9c94f53e00000000000000000000000000000006]
[467/899    0s] Csc Library/Bee/artifacts/200b0aE.dag/UnityEngine.TestRunner.dll (+2 others) [CacheHit 5636ca513c17597e57ecd3bf0139e20700000000000000000000000000000006]
[468/899    0s] Csc Library/Bee/artifacts/200b0aE.dag/UnityEngine.TestRunner.dll (+2 others)
[470/899    0s] Csc Library/Bee/artifacts/200b0aE.dag/UnityEditor.TestRunner.dll (+2 others) [CacheHit 67bd46a6dd3981953447ba6449258cf700000000000000000000000000000006]
[472/899    0s] Csc Library/Bee/artifacts/200b0aE.dag/UnityEditor.TestRunner.dll (+2 others)
[475/899    0s] Csc Library/Bee/artifacts/200b0aE.dag/UnityEngine.UI.dll (+2 others)
[           0s] Csc Library/Bee/artifacts/200b0aE.dag/UnityEngine.UI.dll (+2 others) [CacheWrite 5ca508e3d3ea109eeed0c16d9c94f53e00000000000000000000000000000006]
[           0s] Csc Library/Bee/artifacts/200b0aE.dag/UnityEditor.UI.dll (+2 others) [CacheMiss 341bd3410917bfaf43f3287848419f7800000000000000000000000000000006]
[478/899    0s] Csc Library/Bee/artifacts/200b0aE.dag/UnityEditor.UI.dll (+2 others)
[           0s] Csc Library/Bee/artifacts/200b0aE.dag/UnityEditor.UI.dll (+2 others) [CacheWrite 341bd3410917bfaf43f3287848419f7800000000000000000000000000000006]
[           0s] Csc Library/Bee/artifacts/200b0aE.dag/Unity.Burst.dll (+2 others) [CacheMiss 3062884d13c5ac6d079bf7d0ab27903a00000000000000000000000000000006]
[           0s] Csc Library/Bee/artifacts/200b0aE.dag/Unity.Profiling.Core.dll (+2 others) [CacheMiss 737a283c34c3eba2380b6c7991fe047a00000000000000000000000000000006]
[491/899    0s] Csc Library/Bee/artifacts/200b0aE.dag/Unity.Searcher.Editor.dll (+2 others) [CacheHit aef09a54a2c98478f6ca938ebfc970c500000000000000000000000000000006]
[494/899    0s] Csc Library/Bee/artifacts/200b0aE.dag/Unity.Searcher.Editor.dll (+2 others)
[           0s] Csc Library/Bee/artifacts/200b0aE.dag/Unity.GraphAuthoring.Editor.dll (+2 others) [CacheMiss 6d58658200a97434618f1bf6d60dfcf500000000000000000000000000000006]
[           0s] Csc Library/Bee/artifacts/200b0aE.dag/Unity.InternalAPIEditorBridge.ShaderGraph.Editor.dll (+2 others) [CacheMiss 29687f72d6a9cbc6b19558610ca0825000000000000000000000000000000006]
[           0s] Csc Library/Bee/artifacts/200b0aE.dag/Unity.InternalAPIEngineBridge.004.dll (+2 others) [CacheMiss b7dddd29f164071275271146f688944300000000000000000000000000000006]
[           0s] Csc Library/Bee/artifacts/200b0aE.dag/Unity.PlasticSCM.Editor.dll (+2 others) [CacheMiss f8cb8b2bef4e194305eed84a577562f600000000000000000000000000000006]
[           0s] Csc Library/Bee/artifacts/200b0aE.dag/Unity.AI.Navigation.dll (+2 others) [CacheMiss 4ad745cf38e8b0bbb308c6ac93bdfbad00000000000000000000000000000006]
[           0s] Csc Library/Bee/artifacts/200b0aE.dag/Unity.ShaderGraph.Utilities.dll (+2 others) [CacheMiss 840250921dee957039998cb4c4e9854400000000000000000000000000000006]
[           0s] Csc Library/Bee/artifacts/200b0aE.dag/Unity.AI.Navigation.Editor.ConversionSystem.dll (+2 others) [CacheMiss 0c41d960865dc64668f8049e01bf6c5500000000000000000000000000000006]
[           0s] Csc Library/Bee/artifacts/200b0aE.dag/Unity.InternalAPIEngineBridge.RenderPipelines.Core.Runtime.Shared.dll (+2 others) [CacheMiss 5885a6a1ae2c431bd8e0997d2eb1aa7600000000000000000000000000000006]
[           0s] Csc Library/Bee/artifacts/200b0aE.dag/Unity.InternalAPIEngineBridge.ObjectDispatcher.Runtime.dll (+2 others) [CacheMiss ecc225ac38cd4df9281f30c72623995600000000000000000000000000000006]
[           0s] Csc Library/Bee/artifacts/200b0aE.dag/Unity.InternalAPIEngineBridge.RenderPipelines.Core.Editor.dll (+2 others) [CacheMiss 86b4f20bac1f251452c8652cebe6cf3800000000000000000000000000000006]
[494/899    0s] Csc Library/Bee/artifacts/200b0aE.dag/Unity.InputSystem.dll (+2 others) [CacheHit 516e0d269c4414f4b203cfe663f52e3f00000000000000000000000000000006]
[498/899    0s] Csc Library/Bee/artifacts/200b0aE.dag/Unity.InputSystem.dll (+2 others)
[502/899    0s] Csc Library/Bee/artifacts/200b0aE.dag/Unity.InternalAPIEngineBridge.RenderPipelines.Core.Runtime.Shared.dll (+2 others)
[           0s] Csc Library/Bee/artifacts/200b0aE.dag/Unity.Timeline.dll (+2 others) [CacheMiss 09d241526425ea00caaae18a8cd0e47900000000000000000000000000000006]
[           0s] Csc Library/Bee/artifacts/200b0aE.dag/Unity.InternalAPIEngineBridge.RenderPipelines.Core.Runtime.Shared.dll (+2 others) [CacheWrite 5885a6a1ae2c431bd8e0997d2eb1aa7600000000000000000000000000000006]
[           0s] Csc Library/Bee/artifacts/200b0aE.dag/Unity.VisualScripting.Core.dll (+2 others) [CacheMiss 4424080aa76972ac9b8901eb8dc6384300000000000000000000000000000006]
[503/899    0s] Csc Library/Bee/artifacts/200b0aE.dag/Unity.InternalAPIEngineBridge.ObjectDispatcher.Runtime.dll (+2 others)
[504/899    0s] Csc Library/Bee/artifacts/200b0aE.dag/Unity.InternalAPIEngineBridge.RenderPipelines.Core.Editor.dll (+2 others)
[           0s] Csc Library/Bee/artifacts/200b0aE.dag/Unity.InternalAPIEngineBridge.ObjectDispatcher.Runtime.dll (+2 others) [CacheWrite ecc225ac38cd4df9281f30c72623995600000000000000000000000000000006]
[           0s] Csc Library/Bee/artifacts/200b0aE.dag/Unity.InternalAPIEngineBridge.RenderPipelines.Core.Editor.dll (+2 others) [CacheWrite 86b4f20bac1f251452c8652cebe6cf3800000000000000000000000000000006]
[502/899    0s] Csc Library/Bee/artifacts/200b0aE.dag/Unity.InputSystem.ForUI.dll (+2 others) [CacheHit f67aa70ef62ed9ae04bf9b04ea86755f00000000000000000000000000000006]
[508/899    0s] Csc Library/Bee/artifacts/200b0aE.dag/Unity.InputSystem.ForUI.dll (+2 others)
[513/899    0s] Csc Library/Bee/artifacts/200b0aE.dag/Unity.Rider.Editor.dll (+2 others) [CacheHit 2a9e6621baac05af918d25d178d8317100000000000000000000000000000006]
[519/899    0s] Csc Library/Bee/artifacts/200b0aE.dag/Unity.Rider.Editor.dll (+2 others)
[           0s] Csc Library/Bee/artifacts/200b0aE.dag/Unity.RenderPipelines.Universal.Shaders.dll (+2 others) [CacheMiss 9177a6b7ed7798499e1e20051073a32100000000000000000000000000000006]
[514/899    0s] Csc Library/Bee/artifacts/200b0aE.dag/Unity.VisualStudio.Editor.dll (+2 others) [CacheHit ca1fd9b191011d23e1c3998f0b06070d00000000000000000000000000000006]
[521/899    0s] Csc Library/Bee/artifacts/200b0aE.dag/Unity.VisualStudio.Editor.dll (+2 others)
[           0s] Csc Library/Bee/artifacts/200b0aE.dag/Unity.RenderPipelines.Core.ShaderLibrary.dll (+2 others) [CacheMiss 62e0431e3f8355bc86dea1bf7b0a36c800000000000000000000000000000006]
[523/899    0s] Csc Library/Bee/artifacts/200b0aE.dag/Unity.Burst.dll (+2 others)
[524/899    0s] Csc Library/Bee/artifacts/200b0aE.dag/Unity.ShaderGraph.Utilities.dll (+2 others)
[525/899    0s] Csc Library/Bee/artifacts/200b0aE.dag/Unity.AI.Navigation.Editor.ConversionSystem.dll (+2 others)
[526/899    0s] Csc Library/Bee/artifacts/200b0aE.dag/Unity.AI.Navigation.dll (+2 others)
[           0s] Csc Library/Bee/artifacts/200b0aE.dag/Unity.Burst.dll (+2 others) [CacheWrite 3062884d13c5ac6d079bf7d0ab27903a00000000000000000000000000000006]
[           0s] Csc Library/Bee/artifacts/200b0aE.dag/Unity.ShaderGraph.Utilities.dll (+2 others) [CacheWrite 840250921dee957039998cb4c4e9854400000000000000000000000000000006]
[           0s] Csc Library/Bee/artifacts/200b0aE.dag/Unity.AI.Navigation.dll (+2 others) [CacheWrite 4ad745cf38e8b0bbb308c6ac93bdfbad00000000000000000000000000000006]
[           0s] Csc Library/Bee/artifacts/200b0aE.dag/Unity.AI.Navigation.Editor.ConversionSystem.dll (+2 others) [CacheWrite 0c41d960865dc64668f8049e01bf6c5500000000000000000000000000000006]
[           0s] Csc Library/Bee/artifacts/200b0aE.dag/Unity.Collections.dll (+2 others) [CacheMiss d9fca44821d2486e660ec2736a9e8db100000000000000000000000000000006]
[           0s] Csc Library/Bee/artifacts/200b0aE.dag/Unity.AI.Navigation.Editor.dll (+2 others) [CacheMiss 62b29d32b7366911a6d0b6d8ac5a1a9f00000000000000000000000000000006]
[           0s] Csc Library/Bee/artifacts/200b0aE.dag/Unity.RenderPipelines.ShaderGraph.ShaderGraphLibrary.dll (+2 others) [CacheMiss 2e8ef551afbf5c2b8607b40ce4605a3500000000000000000000000000000006]
[525/899    0s] Csc Library/Bee/artifacts/200b0aE.dag/Unity.InputSystem.ForUI.Editor.dll (+2 others) [CacheHit 2a1f9e499a7dbe77e9f85cd0ebe73ab600000000000000000000000000000006]
[533/899    0s] Csc Library/Bee/artifacts/200b0aE.dag/Unity.InputSystem.ForUI.Editor.dll (+2 others)
[           0s] Csc Library/Bee/artifacts/200b0aE.dag/Unity.Rendering.LightTransport.Editor.dll (+2 others) [CacheMiss cf898740475d57f2d6db8d0171d19f8700000000000000000000000000000006]
[536/899    0s] Csc Library/Bee/artifacts/200b0aE.dag/Unity.RenderPipelines.Universal.Shaders.dll (+2 others)
[527/899    0s] Csc Library/Bee/artifacts/200b0aE.dag/Unity.PerformanceTesting.dll (+2 others) [CacheHit 1a415ab8ffa3faa96092036ff8b3af9200000000000000000000000000000006]
[537/899    0s] Csc Library/Bee/artifacts/200b0aE.dag/Unity.PerformanceTesting.dll (+2 others)
[535/899    0s] Csc Library/Bee/artifacts/200b0aE.dag/Unity.InputSystem.TestFramework.dll (+2 others) [CacheHit ce593f19812825d2623244b4bb3ca07200000000000000000000000000000006]
[546/899    0s] Csc Library/Bee/artifacts/200b0aE.dag/Unity.InputSystem.TestFramework.dll (+2 others)
[548/899    0s] Csc Library/Bee/artifacts/200b0aE.dag/Unity.RenderPipelines.Core.ShaderLibrary.dll (+2 others)
[536/899    0s] Csc Library/Bee/artifacts/200b0aE.dag/Unity.InputSystem.DocCodeSamples.dll (+2 others) [CacheHit 527a48ab53d845bcc9c4cd69e8fc94ae00000000000000000000000000000006]
[549/899    0s] Csc Library/Bee/artifacts/200b0aE.dag/Unity.InputSystem.DocCodeSamples.dll (+2 others)
[           0s] Csc Library/Bee/artifacts/200b0aE.dag/Unity.RenderPipelines.Core.ShaderLibrary.dll (+2 others) [CacheWrite 62e0431e3f8355bc86dea1bf7b0a36c800000000000000000000000000000006]
[552/899    0s] CopyFiles Library/ScriptAssemblies/Unity.VisualStudio.Editor.pdb
[553/899    0s] CopyFiles Library/ScriptAssemblies/Unity.VisualStudio.Editor.dll
[554/899    0s] CopyFiles Library/ScriptAssemblies/Unity.Rider.Editor.pdb
[555/899    0s] CopyFiles Library/ScriptAssemblies/Unity.Rider.Editor.dll
[543/899    0s] Csc Library/Bee/artifacts/200b0aE.dag/Unity.PerformanceTesting.Editor.dll (+2 others) [CacheHit 13ab2c968cb84b141a4fceecf9f17def00000000000000000000000000000006]
[556/899    0s] Csc Library/Bee/artifacts/200b0aE.dag/Unity.PerformanceTesting.Editor.dll (+2 others)
[           0s] Csc Library/Bee/artifacts/200b0aE.dag/Unity.RenderPipelines.Universal.Shaders.dll (+2 others) [CacheWrite 9177a6b7ed7798499e1e20051073a32100000000000000000000000000000006]
[558/899    0s] Csc Library/Bee/artifacts/200b0aE.dag/Unity.Rendering.LightTransport.Editor.dll (+2 others)
[           0s] Csc Library/Bee/artifacts/200b0aE.dag/Unity.Rendering.LightTransport.Editor.dll (+2 others) [CacheWrite cf898740475d57f2d6db8d0171d19f8700000000000000000000000000000006]
[561/899    0s] Csc Library/Bee/artifacts/200b0aE.dag/Unity.RenderPipelines.ShaderGraph.ShaderGraphLibrary.dll (+2 others)
[           0s] Csc Library/Bee/artifacts/200b0aE.dag/Unity.RenderPipelines.ShaderGraph.ShaderGraphLibrary.dll (+2 others) [CacheWrite 2e8ef551afbf5c2b8607b40ce4605a3500000000000000000000000000000006]
[563/899    0s] Csc Library/Bee/artifacts/200b0aE.dag/Unity.AI.Navigation.Editor.dll (+2 others)
[           0s] Csc Library/Bee/artifacts/200b0aE.dag/Unity.AI.Navigation.Editor.dll (+2 others) [CacheWrite 62b29d32b7366911a6d0b6d8ac5a1a9f00000000000000000000000000000006]
[           0s] Csc Library/Bee/artifacts/200b0aE.dag/Unity.AI.Navigation.Updater.dll (+2 others) [CacheMiss 3576a0a42edfdd808c956bc1f723bbcd00000000000000000000000000000006]
[566/899    0s] Csc Library/Bee/artifacts/200b0aE.dag/Unity.Timeline.dll (+2 others)
[           0s] Csc Library/Bee/artifacts/200b0aE.dag/Unity.Timeline.dll (+2 others) [CacheWrite 09d241526425ea00caaae18a8cd0e47900000000000000000000000000000006]
[           0s] Csc Library/Bee/artifacts/200b0aE.dag/Unity.Timeline.Editor.dll (+2 others) [CacheMiss b1c5910db090b176f66696bd66067a0200000000000000000000000000000006]
[569/899    1s] Csc Library/Bee/artifacts/200b0aE.dag/Unity.Profiling.Core.dll (+2 others)
[570/899    1s] Csc Library/Bee/artifacts/200b0aE.dag/Unity.InternalAPIEngineBridge.004.dll (+2 others)
[571/899    1s] Csc Library/Bee/artifacts/200b0aE.dag/Unity.InternalAPIEditorBridge.ShaderGraph.Editor.dll (+2 others)
[572/899    1s] Csc Library/Bee/artifacts/200b0aE.dag/Unity.GraphAuthoring.Editor.dll (+2 others)
[           0s] Csc Library/Bee/artifacts/200b0aE.dag/Unity.InternalAPIEditorBridge.ShaderGraph.Editor.dll (+2 others) [CacheWrite 29687f72d6a9cbc6b19558610ca0825000000000000000000000000000000006]
[           0s] Csc Library/Bee/artifacts/200b0aE.dag/Unity.InternalAPIEngineBridge.004.dll (+2 others) [CacheWrite b7dddd29f164071275271146f688944300000000000000000000000000000006]
[           0s] Csc Library/Bee/artifacts/200b0aE.dag/Unity.Profiling.Core.dll (+2 others) [CacheWrite 737a283c34c3eba2380b6c7991fe047a00000000000000000000000000000006]
[           0s] Csc Library/Bee/artifacts/200b0aE.dag/Unity.GraphAuthoring.Editor.dll (+2 others) [CacheWrite 6d58658200a97434618f1bf6d60dfcf500000000000000000000000000000006]
[           0s] Csc Library/Bee/artifacts/200b0aE.dag/Unity.TextMeshPro.dll (+2 others) [CacheMiss 1326259f96494f367d62a712fea3a0fb00000000000000000000000000000006]
[578/899    0s] Csc Library/Bee/artifacts/200b0aE.dag/Unity.AI.Navigation.Updater.dll (+2 others)
[           0s] Csc Library/Bee/artifacts/200b0aE.dag/Unity.AI.Navigation.Updater.dll (+2 others) [CacheWrite 3576a0a42edfdd808c956bc1f723bbcd00000000000000000000000000000006]
[580/899    2s] Csc Library/Bee/artifacts/200b0aE.dag/Unity.VisualScripting.Core.dll (+2 others)
[           0s] Csc Library/Bee/artifacts/200b0aE.dag/Unity.VisualScripting.Core.dll (+2 others) [CacheWrite 4424080aa76972ac9b8901eb8dc6384300000000000000000000000000000006]
[           0s] Csc Library/Bee/artifacts/200b0aE.dag/Unity.VisualScripting.Flow.dll (+2 others) [CacheMiss b45f1aa65f0b4226a94034a333ae3a3c00000000000000000000000000000006]
[           0s] Csc Library/Bee/artifacts/200b0aE.dag/Unity.VisualScripting.Core.Editor.dll (+2 others) [CacheMiss a36280f896363f003383be483caf950400000000000000000000000000000006]
[584/899    3s] Csc Library/Bee/artifacts/200b0aE.dag/Unity.Collections.dll (+2 others)
[           0s] Csc Library/Bee/artifacts/200b0aE.dag/Unity.Collections.dll (+2 others) [CacheWrite d9fca44821d2486e660ec2736a9e8db100000000000000000000000000000006]
[           0s] Csc Library/Bee/artifacts/200b0aE.dag/Unity.RenderPipelines.Core.Runtime.dll (+2 others) [CacheMiss add492297b612fa45f5b95c7386f4a6200000000000000000000000000000006]
[           0s] Csc Library/Bee/artifacts/200b0aE.dag/Unity.Collections.Tests.CoreCLR.ProtectedJobNested.dll (+2 others) [CacheMiss a06e9e284003d6bea0f7c417823a8ff400000000000000000000000000000006]
[           0s] Csc Library/Bee/artifacts/200b0aE.dag/Unity.UnifiedRayTracing.Runtime.dll (+2 others) [CacheMiss abec52d225e034366ad10623bb48785500000000000000000000000000000006]
[           0s] Csc Library/Bee/artifacts/200b0aE.dag/Unity.Collections.Tests.CoreCLR.InternalJobNestedPrivate.dll (+2 others) [CacheMiss b68ed0c4786c872f65b6d7c91bd657a700000000000000000000000000000006]
[           0s] Csc Library/Bee/artifacts/200b0aE.dag/Unity.Collections.Tests.CoreCLR.PublicJobPrivateGeneric.dll (+2 others) [CacheMiss b954d00fea79e927e2eb85012105cd4c00000000000000000000000000000006]
[           0s] Csc Library/Bee/artifacts/200b0aE.dag/Unity.Collections.Tests.CoreCLR.PrivateJobNested.dll (+2 others) [CacheMiss 4609d49710126253a210c9aae210f9d300000000000000000000000000000006]
[           0s] Csc Library/Bee/artifacts/200b0aE.dag/Unity.Collections.CodeGen.dll (+2 others) [CacheMiss c5fed3bea0b7479840c22d981d545fe800000000000000000000000000000006]
[           0s] Csc Library/Bee/artifacts/200b0aE.dag/Unity.Collections.Editor.dll (+2 others) [CacheMiss 50bcab95a0aa292298b3b51da655477400000000000000000000000000000006]
[594/899    2s] Csc Library/Bee/artifacts/200b0aE.dag/Unity.Timeline.Editor.dll (+2 others)
[           0s] Csc Library/Bee/artifacts/200b0aE.dag/Unity.Timeline.Editor.dll (+2 others) [CacheWrite b1c5910db090b176f66696bd66067a0200000000000000000000000000000006]
[596/899    2s] Csc Library/Bee/artifacts/200b0aE.dag/Unity.TextMeshPro.dll (+2 others)
[           0s] Csc Library/Bee/artifacts/200b0aE.dag/Unity.TextMeshPro.dll (+2 others) [CacheWrite 1326259f96494f367d62a712fea3a0fb00000000000000000000000000000006]
[           0s] Csc Library/Bee/artifacts/200b0aE.dag/UnityEditor.UI.Analytics.dll (+2 others) [CacheMiss 7d1e39451e6b660dd5c547e07d15e5f900000000000000000000000000000006]
[599/899    0s] Csc Library/Bee/artifacts/200b0aE.dag/Unity.Collections.Editor.dll (+2 others)
[           0s] Csc Library/Bee/artifacts/200b0aE.dag/Unity.Collections.Editor.dll (+2 others) [CacheWrite 50bcab95a0aa292298b3b51da655477400000000000000000000000000000006]
[601/899    0s] Csc Library/Bee/artifacts/200b0aE.dag/Unity.Collections.Tests.CoreCLR.InternalJobNestedPrivate.dll (+2 others)
[           0s] Csc Library/Bee/artifacts/200b0aE.dag/Unity.Collections.Tests.CoreCLR.InternalJobNestedPrivate.dll (+2 others) [CacheWrite b68ed0c4786c872f65b6d7c91bd657a700000000000000000000000000000006]
[603/899    0s] Csc Library/Bee/artifacts/200b0aE.dag/UnityEditor.UI.Analytics.dll (+2 others)
[604/899    0s] Csc Library/Bee/artifacts/200b0aE.dag/Unity.UnifiedRayTracing.Runtime.dll (+2 others)
[           0s] Csc Library/Bee/artifacts/200b0aE.dag/UnityEditor.UI.Analytics.dll (+2 others) [CacheWrite 7d1e39451e6b660dd5c547e07d15e5f900000000000000000000000000000006]
[           0s] Csc Library/Bee/artifacts/200b0aE.dag/Unity.UnifiedRayTracing.Runtime.dll (+2 others) [CacheWrite abec52d225e034366ad10623bb48785500000000000000000000000000000006]
[607/899    0s] Csc Library/Bee/artifacts/200b0aE.dag/Unity.Collections.Tests.CoreCLR.PublicJobPrivateGeneric.dll (+2 others)
[608/899    0s] Csc Library/Bee/artifacts/200b0aE.dag/Unity.Collections.Tests.CoreCLR.PrivateJobNested.dll (+2 others)
[609/899    0s] Csc Library/Bee/artifacts/200b0aE.dag/Unity.Collections.CodeGen.dll (+2 others)
[610/899    0s] Csc Library/Bee/artifacts/200b0aE.dag/Unity.Collections.Tests.CoreCLR.ProtectedJobNested.dll (+2 others)
[           0s] Csc Library/Bee/artifacts/200b0aE.dag/Unity.Collections.CodeGen.dll (+2 others) [CacheWrite c5fed3bea0b7479840c22d981d545fe800000000000000000000000000000006]
[           0s] Csc Library/Bee/artifacts/200b0aE.dag/Unity.Collections.Tests.CoreCLR.ProtectedJobNested.dll (+2 others) [CacheWrite a06e9e284003d6bea0f7c417823a8ff400000000000000000000000000000006]
[           0s] Csc Library/Bee/artifacts/200b0aE.dag/Unity.Collections.Tests.CoreCLR.PublicJobPrivateGeneric.dll (+2 others) [CacheWrite b954d00fea79e927e2eb85012105cd4c00000000000000000000000000000006]
[           0s] Csc Library/Bee/artifacts/200b0aE.dag/Unity.Collections.Tests.CoreCLR.PrivateJobNested.dll (+2 others) [CacheWrite 4609d49710126253a210c9aae210f9d300000000000000000000000000000006]
[612/899    0s] CopyFiles Library/ScriptAssemblies/Unity.Collections.CodeGen.dll
[613/899    0s] CopyFiles Library/ScriptAssemblies/Unity.Collections.CodeGen.pdb
[616/899    0s] ILPP-Configuration Library/ilpp-configuration.nevergeneratedoutput
[617/899    2s] Csc Library/Bee/artifacts/200b0aE.dag/Unity.VisualScripting.Flow.dll (+2 others)
[           0s] Csc Library/Bee/artifacts/200b0aE.dag/Unity.VisualScripting.Flow.dll (+2 others) [CacheWrite b45f1aa65f0b4226a94034a333ae3a3c00000000000000000000000000000006]
[           0s] Csc Library/Bee/artifacts/200b0aE.dag/Unity.VisualScripting.State.dll (+2 others) [CacheMiss 1e1b4df6d215b428043bf1a4bafdc28e00000000000000000000000000000006]
[620/899    0s] ILPostProcess Library/Bee/artifacts/200b0aE.dag/post-processed/Unity.InternalAPIEngineBridge.ObjectDispatcher.Runtime.dll (+pdb)
Processing assembly Library/Bee/artifacts/200b0aE.dag/Unity.InternalAPIEngineBridge.ObjectDispatcher.Runtime.dll, with 143 defines and 306 references
processors: Unity.Jobs.CodeGen.JobsILPostProcessor, zzzUnity.Burst.CodeGen.BurstILPostProcessor
1 processor(s) skipped this assembly
running Unity.Jobs.CodeGen.JobsILPostProcessor
[622/899    0s] ILPostProcess Library/Bee/artifacts/200b0aE.dag/post-processed/Unity.InputSystem.ForUI.dll (+pdb)
Processing assembly Library/Bee/artifacts/200b0aE.dag/Unity.InputSystem.ForUI.dll, with 143 defines and 307 references
processors: Unity.Jobs.CodeGen.JobsILPostProcessor, zzzUnity.Burst.CodeGen.BurstILPostProcessor
1 processor(s) skipped this assembly
running Unity.Jobs.CodeGen.JobsILPostProcessor
[           0s] Csc Library/Bee/artifacts/200b0aE.dag/Unity.VisualScripting.DocCodeExamples.dll (+2 others) [CacheMiss 77f7eebdfaf8e4dea89ef3ea08db9a7400000000000000000000000000000006]
[623/899    0s] ILPostProcess Library/Bee/artifacts/200b0aE.dag/post-processed/Unity.Burst.dll (+pdb)
Processing assembly Library/Bee/artifacts/200b0aE.dag/Unity.Burst.dll, with 143 defines and 306 references
processors: Unity.Jobs.CodeGen.JobsILPostProcessor, zzzUnity.Burst.CodeGen.BurstILPostProcessor
running Unity.Jobs.CodeGen.JobsILPostProcessor
running zzzUnity.Burst.CodeGen.BurstILPostProcessor
[624/899    0s] Csc Library/Bee/artifacts/200b0aE.dag/Unity.VisualScripting.State.dll (+2 others)
[           0s] Csc Library/Bee/artifacts/200b0aE.dag/Unity.VisualScripting.State.dll (+2 others) [CacheWrite 1e1b4df6d215b428043bf1a4bafdc28e00000000000000000000000000000006]
[626/899    3s] Csc Library/Bee/artifacts/200b0aE.dag/Unity.VisualScripting.Core.Editor.dll (+2 others)
[           0s] Csc Library/Bee/artifacts/200b0aE.dag/Unity.VisualScripting.Core.Editor.dll (+2 others) [CacheWrite a36280f896363f003383be483caf950400000000000000000000000000000006]
[           0s] Csc Library/Bee/artifacts/200b0aE.dag/Unity.VisualScripting.Flow.Editor.dll (+2 others) [CacheMiss da6be6f3154d59ef8876bceec23f897300000000000000000000000000000006]
[629/899    0s] ILPostProcess Library/Bee/artifacts/200b0aE.dag/post-processed/Unity.Collections.Tests.CoreCLR.InternalJobNestedPrivate.dll (+pdb)
Processing assembly Library/Bee/artifacts/200b0aE.dag/Unity.Collections.Tests.CoreCLR.InternalJobNestedPrivate.dll, with 143 defines and 307 references
processors: Unity.Jobs.CodeGen.JobsILPostProcessor, zzzUnity.Burst.CodeGen.BurstILPostProcessor
1 processor(s) skipped this assembly
running Unity.Jobs.CodeGen.JobsILPostProcessor
[630/899    0s] ILPostProcess Library/Bee/artifacts/200b0aE.dag/post-processed/Unity.Collections.Tests.CoreCLR.PrivateJobNested.dll (+pdb)
Processing assembly Library/Bee/artifacts/200b0aE.dag/Unity.Collections.Tests.CoreCLR.PrivateJobNested.dll, with 143 defines and 307 references
processors: Unity.Jobs.CodeGen.JobsILPostProcessor, zzzUnity.Burst.CodeGen.BurstILPostProcessor
1 processor(s) skipped this assembly
running Unity.Jobs.CodeGen.JobsILPostProcessor
[631/899    0s] Csc Library/Bee/artifacts/200b0aE.dag/Unity.VisualScripting.DocCodeExamples.dll (+2 others)
[           0s] Csc Library/Bee/artifacts/200b0aE.dag/Unity.VisualScripting.DocCodeExamples.dll (+2 others) [CacheWrite 77f7eebdfaf8e4dea89ef3ea08db9a7400000000000000000000000000000006]
[632/899    0s] ILPostProcess Library/Bee/artifacts/200b0aE.dag/post-processed/Unity.VisualScripting.State.dll (+pdb)
Processing assembly Library/Bee/artifacts/200b0aE.dag/Unity.VisualScripting.State.dll, with 143 defines and 308 references
processors: Unity.Jobs.CodeGen.JobsILPostProcessor, zzzUnity.Burst.CodeGen.BurstILPostProcessor
1 processor(s) skipped this assembly
running Unity.Jobs.CodeGen.JobsILPostProcessor
[633/899    0s] ILPostProcess Library/Bee/artifacts/200b0aE.dag/post-processed/Unity.InternalAPIEngineBridge.004.dll (+pdb)
Processing assembly Library/Bee/artifacts/200b0aE.dag/Unity.InternalAPIEngineBridge.004.dll, with 143 defines and 306 references
processors: Unity.Jobs.CodeGen.JobsILPostProcessor, zzzUnity.Burst.CodeGen.BurstILPostProcessor
1 processor(s) skipped this assembly
running Unity.Jobs.CodeGen.JobsILPostProcessor
[634/899    5s] Csc Library/Bee/artifacts/200b0aE.dag/Unity.PlasticSCM.Editor.dll (+2 others)
[           0s] Csc Library/Bee/artifacts/200b0aE.dag/Unity.PlasticSCM.Editor.dll (+2 others) [CacheWrite f8cb8b2bef4e194305eed84a577562f600000000000000000000000000000006]
[637/899    0s] ILPostProcess Library/Bee/artifacts/200b0aE.dag/post-processed/Unity.Profiling.Core.dll (+pdb)
Processing assembly Library/Bee/artifacts/200b0aE.dag/Unity.Profiling.Core.dll, with 143 defines and 306 references
processors: Unity.Jobs.CodeGen.JobsILPostProcessor, zzzUnity.Burst.CodeGen.BurstILPostProcessor
1 processor(s) skipped this assembly
running Unity.Jobs.CodeGen.JobsILPostProcessor
[638/899    0s] ILPostProcess Library/Bee/artifacts/200b0aE.dag/post-processed/Unity.VisualScripting.DocCodeExamples.dll (+pdb)
Processing assembly Library/Bee/artifacts/200b0aE.dag/Unity.VisualScripting.DocCodeExamples.dll, with 143 defines and 294 references
processors: Unity.Jobs.CodeGen.JobsILPostProcessor, zzzUnity.Burst.CodeGen.BurstILPostProcessor
1 processor(s) skipped this assembly
running Unity.Jobs.CodeGen.JobsILPostProcessor
[           0s] Csc Library/Bee/artifacts/200b0aE.dag/Unity.PlasticSCM.Editor.Assistant.dll (+2 others) [CacheMiss a99bdaf52c1894d384d14b32ab436bbe00000000000000000000000000000006]
[           0s] Csc Library/Bee/artifacts/200b0aE.dag/Unity.PlasticSCM.Editor.Entities.dll (+2 others) [CacheMiss 91f4da9c8a726eff25bda5671d8be9f700000000000000000000000000000006]
[           0s] Csc Library/Bee/artifacts/200b0aE.dag/Unity.CollabProxy.Editor.dll (+2 others) [CacheMiss ef23ae858b0fea4076d4574a293612f100000000000000000000000000000006]
[641/899    0s] ILPostProcess Library/Bee/artifacts/200b0aE.dag/post-processed/UnityEngine.UI.dll (+pdb)
Processing assembly Library/Bee/artifacts/200b0aE.dag/UnityEngine.UI.dll, with 149 defines and 304 references
processors: Unity.Jobs.CodeGen.JobsILPostProcessor, zzzUnity.Burst.CodeGen.BurstILPostProcessor
1 processor(s) skipped this assembly
running Unity.Jobs.CodeGen.JobsILPostProcessor
[642/899    0s] ILPostProcess Library/Bee/artifacts/200b0aE.dag/post-processed/Unity.VisualScripting.Flow.dll (+pdb)
Processing assembly Library/Bee/artifacts/200b0aE.dag/Unity.VisualScripting.Flow.dll, with 151 defines and 308 references
processors: Unity.Jobs.CodeGen.JobsILPostProcessor, zzzUnity.Burst.CodeGen.BurstILPostProcessor
1 processor(s) skipped this assembly
running Unity.Jobs.CodeGen.JobsILPostProcessor
[643/899    0s] Csc Library/Bee/artifacts/200b0aE.dag/Unity.PlasticSCM.Editor.Assistant.dll (+2 others)
[           0s] Csc Library/Bee/artifacts/200b0aE.dag/Unity.PlasticSCM.Editor.Assistant.dll (+2 others) [CacheWrite a99bdaf52c1894d384d14b32ab436bbe00000000000000000000000000000006]
[645/899    2s] Csc Library/Bee/artifacts/200b0aE.dag/Unity.RenderPipelines.Core.Runtime.dll (+2 others)
[           0s] Csc Library/Bee/artifacts/200b0aE.dag/Unity.RenderPipelines.Core.Runtime.dll (+2 others) [CacheWrite add492297b612fa45f5b95c7386f4a6200000000000000000000000000000006]
[648/899    1s] ILPostProcess Library/Bee/artifacts/200b0aE.dag/post-processed/Unity.PerformanceTesting.dll (+pdb)
Processing assembly Library/Bee/artifacts/200b0aE.dag/Unity.PerformanceTesting.dll, with 144 defines and 291 references
processors: Unity.Jobs.CodeGen.JobsILPostProcessor, zzzUnity.Burst.CodeGen.BurstILPostProcessor
1 processor(s) skipped this assembly
running Unity.Jobs.CodeGen.JobsILPostProcessor
[649/899    1s] ILPostProcess Library/Bee/artifacts/200b0aE.dag/post-processed/Unity.RenderPipelines.Core.ShaderLibrary.dll (+pdb)
Processing assembly Library/Bee/artifacts/200b0aE.dag/Unity.RenderPipelines.Core.ShaderLibrary.dll, with 143 defines and 306 references
processors: Unity.Jobs.CodeGen.JobsILPostProcessor, zzzUnity.Burst.CodeGen.BurstILPostProcessor
1 processor(s) skipped this assembly
running Unity.Jobs.CodeGen.JobsILPostProcessor
[650/899    1s] ILPostProcess Library/Bee/artifacts/200b0aE.dag/post-processed/Unity.RenderPipelines.ShaderGraph.ShaderGraphLibrary.dll (+pdb)
Processing assembly Library/Bee/artifacts/200b0aE.dag/Unity.RenderPipelines.ShaderGraph.ShaderGraphLibrary.dll, with 143 defines and 306 references
processors: Unity.Jobs.CodeGen.JobsILPostProcessor, zzzUnity.Burst.CodeGen.BurstILPostProcessor
1 processor(s) skipped this assembly
running Unity.Jobs.CodeGen.JobsILPostProcessor
[651/899    1s] ILPostProcess Library/Bee/artifacts/200b0aE.dag/post-processed/Unity.UnifiedRayTracing.Runtime.dll (+pdb)
Processing assembly Library/Bee/artifacts/200b0aE.dag/Unity.UnifiedRayTracing.Runtime.dll, with 145 defines and 308 references
processors: Unity.Jobs.CodeGen.JobsILPostProcessor, zzzUnity.Burst.CodeGen.BurstILPostProcessor
running Unity.Jobs.CodeGen.JobsILPostProcessor
running zzzUnity.Burst.CodeGen.BurstILPostProcessor
[652/899    1s] ILPostProcess Library/Bee/artifacts/200b0aE.dag/post-processed/Unity.Collections.Tests.CoreCLR.ProtectedJobNested.dll (+pdb)
Processing assembly Library/Bee/artifacts/200b0aE.dag/Unity.Collections.Tests.CoreCLR.ProtectedJobNested.dll, with 143 defines and 307 references
processors: Unity.Jobs.CodeGen.JobsILPostProcessor, zzzUnity.Burst.CodeGen.BurstILPostProcessor
1 processor(s) skipped this assembly
running Unity.Jobs.CodeGen.JobsILPostProcessor
[653/899    1s] ILPostProcess Library/Bee/artifacts/200b0aE.dag/post-processed/UnityEngine.TestRunner.dll (+pdb)
Processing assembly Library/Bee/artifacts/200b0aE.dag/UnityEngine.TestRunner.dll, with 144 defines and 288 references
processors: Unity.Jobs.CodeGen.JobsILPostProcessor, zzzUnity.Burst.CodeGen.BurstILPostProcessor
1 processor(s) skipped this assembly
running Unity.Jobs.CodeGen.JobsILPostProcessor
[654/899    1s] ILPostProcess Library/Bee/artifacts/200b0aE.dag/post-processed/Unity.Collections.dll (+pdb)
Processing assembly Library/Bee/artifacts/200b0aE.dag/Unity.Collections.dll, with 145 defines and 307 references
processors: Unity.Jobs.CodeGen.JobsILPostProcessor, zzzUnity.Burst.CodeGen.BurstILPostProcessor
running Unity.Jobs.CodeGen.JobsILPostProcessor
running zzzUnity.Burst.CodeGen.BurstILPostProcessor
[           0s] Csc Library/Bee/artifacts/200b0aE.dag/Unity.PathTracing.Runtime.dll (+2 others) [CacheMiss 53591a4d37337a6697ce5390839689d700000000000000000000000000000006]
[655/899    0s] Csc Library/Bee/artifacts/200b0aE.dag/Unity.VisualScripting.Flow.Editor.dll (+2 others)
[           0s] Csc Library/Bee/artifacts/200b0aE.dag/Unity.VisualScripting.Flow.Editor.dll (+2 others) [CacheWrite da6be6f3154d59ef8876bceec23f897300000000000000000000000000000006]
[656/899    0s] Csc Library/Bee/artifacts/200b0aE.dag/Unity.PlasticSCM.Editor.Entities.dll (+2 others)
[657/899    0s] Csc Library/Bee/artifacts/200b0aE.dag/Unity.CollabProxy.Editor.dll (+2 others)
[           0s] Csc Library/Bee/artifacts/200b0aE.dag/Unity.CollabProxy.Editor.dll (+2 others) [CacheWrite ef23ae858b0fea4076d4574a293612f100000000000000000000000000000006]
[           0s] Csc Library/Bee/artifacts/200b0aE.dag/Unity.PlasticSCM.Editor.Entities.dll (+2 others) [CacheWrite 91f4da9c8a726eff25bda5671d8be9f700000000000000000000000000000006]
[658/899    0s] ILPostProcess Library/Bee/artifacts/200b0aE.dag/post-processed/Unity.Collections.Tests.CoreCLR.PublicJobPrivateGeneric.dll (+pdb)
Processing assembly Library/Bee/artifacts/200b0aE.dag/Unity.Collections.Tests.CoreCLR.PublicJobPrivateGeneric.dll, with 143 defines and 307 references
processors: Unity.Jobs.CodeGen.JobsILPostProcessor, zzzUnity.Burst.CodeGen.BurstILPostProcessor
1 processor(s) skipped this assembly
running Unity.Jobs.CodeGen.JobsILPostProcessor
[           0s] Csc Library/Bee/artifacts/200b0aE.dag/Unity.RenderPipelines.GPUDriven.Runtime.dll (+2 others) [CacheMiss 742678a4f70c24881169bcc5f954342900000000000000000000000000000006]
[           0s] Csc Library/Bee/artifacts/200b0aE.dag/Unity.RenderPipelines.Core.Runtime.Shared.dll (+2 others) [CacheMiss 65081122e6ff448b3922141afcfc518e00000000000000000000000000000006]
[           0s] Csc Library/Bee/artifacts/200b0aE.dag/Unity.RenderPipeline.Universal.ShaderLibrary.dll (+2 others) [CacheMiss f273041e0bb69bdb71e752f2439e609a00000000000000000000000000000006]
[662/899    0s] ILPostProcess Library/Bee/artifacts/200b0aE.dag/post-processed/Unity.Timeline.dll (+pdb)
Processing assembly Library/Bee/artifacts/200b0aE.dag/Unity.Timeline.dll, with 144 defines and 306 references
processors: Unity.Jobs.CodeGen.JobsILPostProcessor, zzzUnity.Burst.CodeGen.BurstILPostProcessor
1 processor(s) skipped this assembly
running Unity.Jobs.CodeGen.JobsILPostProcessor
[663/899    0s] ILPostProcess Library/Bee/artifacts/200b0aE.dag/post-processed/Unity.TextMeshPro.dll (+pdb)
Processing assembly Library/Bee/artifacts/200b0aE.dag/Unity.TextMeshPro.dll, with 144 defines and 307 references
processors: Unity.Jobs.CodeGen.JobsILPostProcessor, zzzUnity.Burst.CodeGen.BurstILPostProcessor
1 processor(s) skipped this assembly
running Unity.Jobs.CodeGen.JobsILPostProcessor
[666/899    0s] Csc Library/Bee/artifacts/200b0aE.dag/Unity.PathTracing.Runtime.dll (+2 others)
[           0s] Csc Library/Bee/artifacts/200b0aE.dag/Unity.RenderPipelines.Universal.Config.Runtime.dll (+2 others) [CacheMiss 829f34384aad6e4f8ced5f7694ddac9300000000000000000000000000000006]
[           0s] Csc Library/Bee/artifacts/200b0aE.dag/Unity.PathTracing.Runtime.dll (+2 others) [CacheWrite 53591a4d37337a6697ce5390839689d700000000000000000000000000000006]
[668/899    0s] Csc Library/Bee/artifacts/200b0aE.dag/Unity.RenderPipeline.Universal.ShaderLibrary.dll (+2 others)
[           0s] Csc Library/Bee/artifacts/200b0aE.dag/Unity.RenderPipeline.Universal.ShaderLibrary.dll (+2 others) [CacheWrite f273041e0bb69bdb71e752f2439e609a00000000000000000000000000000006]
[           0s] Csc Library/Bee/artifacts/200b0aE.dag/Unity.VisualScripting.State.Editor.dll (+2 others) [CacheMiss 28c66cef714770d6bdf73e972c76923f00000000000000000000000000000006]
[           0s] Csc Library/Bee/artifacts/200b0aE.dag/Unity.VisualScripting.SettingsProvider.Editor.dll (+2 others) [CacheMiss 367e349ee55382a7c3d12868ef8b61eb00000000000000000000000000000006]
[           0s] Csc Library/Bee/artifacts/200b0aE.dag/Unity.TextMeshPro.Editor.dll (+2 others) [CacheMiss 35cf20612bda9eaeb000620d3c6cbb5400000000000000000000000000000006]
[           0s] Csc Library/Bee/artifacts/200b0aE.dag/Unity.PathTracing.Editor.dll (+2 others) [CacheMiss 215899506dd4f7778219ff411e07cf7e00000000000000000000000000000006]
[           0s] Csc Library/Bee/artifacts/200b0aE.dag/Unity.SurfaceCache.Runtime.dll (+2 others) [CacheMiss e0d7a008b72fa24213f237a7517c931200000000000000000000000000000006]
[675/899    0s] Csc Library/Bee/artifacts/200b0aE.dag/Unity.RenderPipelines.Universal.Config.Runtime.dll (+2 others)
[           0s] Csc Library/Bee/artifacts/200b0aE.dag/Unity.RenderPipelines.Universal.Config.Runtime.dll (+2 others) [CacheWrite 829f34384aad6e4f8ced5f7694ddac9300000000000000000000000000000006]
[676/899    0s] Csc Library/Bee/artifacts/200b0aE.dag/Unity.RenderPipelines.Core.Runtime.Shared.dll (+2 others)
[           0s] Csc Library/Bee/artifacts/200b0aE.dag/Unity.RenderPipelines.Core.Runtime.Shared.dll (+2 others) [CacheWrite 65081122e6ff448b3922141afcfc518e00000000000000000000000000000006]
[679/899    0s] ILPostProcess Library/Bee/artifacts/200b0aE.dag/post-processed/Unity.InputSystem.TestFramework.dll (+pdb)
Processing assembly Library/Bee/artifacts/200b0aE.dag/Unity.InputSystem.TestFramework.dll, with 145 defines and 293 references
processors: Unity.Jobs.CodeGen.JobsILPostProcessor, zzzUnity.Burst.CodeGen.BurstILPostProcessor
1 processor(s) skipped this assembly
running Unity.Jobs.CodeGen.JobsILPostProcessor
[680/899    0s] ILPostProcess Library/Bee/artifacts/200b0aE.dag/post-processed/Unity.RenderPipeline.Universal.ShaderLibrary.dll (+pdb)
Processing assembly Library/Bee/artifacts/200b0aE.dag/Unity.RenderPipeline.Universal.ShaderLibrary.dll, with 143 defines and 307 references
processors: Unity.Jobs.CodeGen.JobsILPostProcessor, zzzUnity.Burst.CodeGen.BurstILPostProcessor
1 processor(s) skipped this assembly
running Unity.Jobs.CodeGen.JobsILPostProcessor
[681/899    0s] Csc Library/Bee/artifacts/200b0aE.dag/Unity.RenderPipelines.GPUDriven.Runtime.dll (+2 others)
[           0s] Csc Library/Bee/artifacts/200b0aE.dag/Unity.RenderPipelines.GPUDriven.Runtime.dll (+2 others) [CacheWrite 742678a4f70c24881169bcc5f954342900000000000000000000000000000006]
[683/899    0s] ILPostProcess Library/Bee/artifacts/200b0aE.dag/post-processed/Unity.RenderPipelines.Core.Runtime.Shared.dll (+pdb)
Processing assembly Library/Bee/artifacts/200b0aE.dag/Unity.RenderPipelines.Core.Runtime.Shared.dll, with 143 defines and 309 references
processors: Unity.Jobs.CodeGen.JobsILPostProcessor, zzzUnity.Burst.CodeGen.BurstILPostProcessor
1 processor(s) skipped this assembly
running Unity.Jobs.CodeGen.JobsILPostProcessor
[684/899    0s] Csc Library/Bee/artifacts/200b0aE.dag/Unity.SurfaceCache.Runtime.dll (+2 others)
[685/899    0s] ILPostProcess Library/Bee/artifacts/200b0aE.dag/post-processed/Unity.AI.Navigation.dll (+pdb)
Processing assembly Library/Bee/artifacts/200b0aE.dag/Unity.AI.Navigation.dll, with 144 defines and 306 references
processors: Unity.Jobs.CodeGen.JobsILPostProcessor, zzzUnity.Burst.CodeGen.BurstILPostProcessor
1 processor(s) skipped this assembly
running Unity.Jobs.CodeGen.JobsILPostProcessor
[           0s] Csc Library/Bee/artifacts/200b0aE.dag/Unity.SurfaceCache.Runtime.dll (+2 others) [CacheWrite e0d7a008b72fa24213f237a7517c931200000000000000000000000000000006]
[           0s] Csc Library/Bee/artifacts/200b0aE.dag/Unity.RenderPipelines.Universal.Runtime.dll (+2 others) [CacheMiss 1135b18c8b29d601d66601dce0d297ae00000000000000000000000000000006]
[688/899    0s] Csc Library/Bee/artifacts/200b0aE.dag/Unity.PathTracing.Editor.dll (+2 others)
[           0s] Csc Library/Bee/artifacts/200b0aE.dag/Unity.PathTracing.Editor.dll (+2 others) [CacheWrite 215899506dd4f7778219ff411e07cf7e00000000000000000000000000000006]
[691/899    0s] ILPostProcess Library/Bee/artifacts/200b0aE.dag/post-processed/Unity.RenderPipelines.Universal.Shaders.dll (+pdb)
Processing assembly Library/Bee/artifacts/200b0aE.dag/Unity.RenderPipelines.Universal.Shaders.dll, with 143 defines and 306 references
processors: Unity.Jobs.CodeGen.JobsILPostProcessor, zzzUnity.Burst.CodeGen.BurstILPostProcessor
1 processor(s) skipped this assembly
running Unity.Jobs.CodeGen.JobsILPostProcessor
[692/899    0s] ILPostProcess Library/Bee/artifacts/200b0aE.dag/post-processed/Unity.InternalAPIEngineBridge.RenderPipelines.Core.Runtime.Shared.dll (+pdb)
Processing assembly Library/Bee/artifacts/200b0aE.dag/Unity.InternalAPIEngineBridge.RenderPipelines.Core.Runtime.Shared.dll, with 143 defines and 306 references
processors: Unity.Jobs.CodeGen.JobsILPostProcessor, zzzUnity.Burst.CodeGen.BurstILPostProcessor
1 processor(s) skipped this assembly
running Unity.Jobs.CodeGen.JobsILPostProcessor
[           0s] Csc Library/Bee/artifacts/200b0aE.dag/Unity.RenderPipelines.Core.Editor.dll (+2 others) [CacheMiss a172fa76bbac3842d1908371472f0ae000000000000000000000000000000006]
[693/899    0s] Csc Library/Bee/artifacts/200b0aE.dag/Unity.VisualScripting.State.Editor.dll (+2 others)
[694/899    0s] Csc Library/Bee/artifacts/200b0aE.dag/Unity.VisualScripting.SettingsProvider.Editor.dll (+2 others)
[695/899    0s] Csc Library/Bee/artifacts/200b0aE.dag/Unity.TextMeshPro.Editor.dll (+2 others)
[           0s] Csc Library/Bee/artifacts/200b0aE.dag/Unity.VisualScripting.SettingsProvider.Editor.dll (+2 others) [CacheWrite 367e349ee55382a7c3d12868ef8b61eb00000000000000000000000000000006]
[           0s] Csc Library/Bee/artifacts/200b0aE.dag/Unity.TextMeshPro.Editor.dll (+2 others) [CacheWrite 35cf20612bda9eaeb000620d3c6cbb5400000000000000000000000000000006]
[           0s] Csc Library/Bee/artifacts/200b0aE.dag/Unity.VisualScripting.State.Editor.dll (+2 others) [CacheWrite 28c66cef714770d6bdf73e972c76923f00000000000000000000000000000006]
[696/899    0s] ILPostProcess Library/Bee/artifacts/200b0aE.dag/post-processed/Unity.Searcher.Editor.dll (+pdb)
Processing assembly Library/Bee/artifacts/200b0aE.dag/Unity.Searcher.Editor.dll, with 141 defines and 315 references
processors: Unity.Jobs.CodeGen.JobsILPostProcessor, zzzUnity.Burst.CodeGen.BurstILPostProcessor
1 processor(s) skipped this assembly
running Unity.Jobs.CodeGen.JobsILPostProcessor
[           0s] Csc Library/Bee/artifacts/200b0aE.dag/Unity.VisualScripting.Shared.Editor.dll (+2 others) [CacheMiss 12874a79fdcb59956de40f5d0dd1694c00000000000000000000000000000006]
[701/899    0s] ILPostProcess Library/Bee/artifacts/200b0aE.dag/post-processed/Unity.VisualScripting.Core.dll (+pdb)
Processing assembly Library/Bee/artifacts/200b0aE.dag/Unity.VisualScripting.Core.dll, with 148 defines and 307 references
processors: Unity.Jobs.CodeGen.JobsILPostProcessor, zzzUnity.Burst.CodeGen.BurstILPostProcessor
1 processor(s) skipped this assembly
running Unity.Jobs.CodeGen.JobsILPostProcessor
[702/899    0s] ILPostProcess Library/Bee/artifacts/200b0aE.dag/post-processed/Unity.RenderPipelines.Universal.Config.Runtime.dll (+pdb)
Processing assembly Library/Bee/artifacts/200b0aE.dag/Unity.RenderPipelines.Universal.Config.Runtime.dll, with 143 defines and 307 references
processors: Unity.Jobs.CodeGen.JobsILPostProcessor, zzzUnity.Burst.CodeGen.BurstILPostProcessor
1 processor(s) skipped this assembly
running Unity.Jobs.CodeGen.JobsILPostProcessor
[703/899    0s] ILPostProcess Library/Bee/artifacts/200b0aE.dag/post-processed/Unity.PathTracing.Runtime.dll (+pdb)
Processing assembly Library/Bee/artifacts/200b0aE.dag/Unity.PathTracing.Runtime.dll, with 146 defines and 309 references
processors: Unity.Jobs.CodeGen.JobsILPostProcessor, zzzUnity.Burst.CodeGen.BurstILPostProcessor
1 processor(s) skipped this assembly
running Unity.Jobs.CodeGen.JobsILPostProcessor
[704/899    0s] Csc Library/Bee/artifacts/200b0aE.dag/Unity.VisualScripting.Shared.Editor.dll (+2 others)
[           0s] Csc Library/Bee/artifacts/200b0aE.dag/Unity.VisualScripting.Shared.Editor.dll (+2 others) [CacheWrite 12874a79fdcb59956de40f5d0dd1694c00000000000000000000000000000006]
[706/899    0s] ILPostProcess Library/Bee/artifacts/200b0aE.dag/post-processed/Unity.VisualScripting.SettingsProvider.Editor.dll (+pdb)
Processing assembly Library/Bee/artifacts/200b0aE.dag/Unity.VisualScripting.SettingsProvider.Editor.dll, with 141 defines and 320 references
processors: Unity.Jobs.CodeGen.JobsILPostProcessor, zzzUnity.Burst.CodeGen.BurstILPostProcessor
1 processor(s) skipped this assembly
running Unity.Jobs.CodeGen.JobsILPostProcessor
[707/899    0s] ILPostProcess Library/Bee/artifacts/200b0aE.dag/post-processed/Unity.SurfaceCache.Runtime.dll (+pdb)
Processing assembly Library/Bee/artifacts/200b0aE.dag/Unity.SurfaceCache.Runtime.dll, with 144 defines and 309 references
processors: Unity.Jobs.CodeGen.JobsILPostProcessor, zzzUnity.Burst.CodeGen.BurstILPostProcessor
1 processor(s) skipped this assembly
running Unity.Jobs.CodeGen.JobsILPostProcessor
[708/899    0s] ILPostProcess Library/Bee/artifacts/200b0aE.dag/post-processed/Unity.AI.Navigation.Editor.ConversionSystem.dll (+pdb)
Processing assembly Library/Bee/artifacts/200b0aE.dag/Unity.AI.Navigation.Editor.ConversionSystem.dll, with 141 defines and 315 references
processors: Unity.Jobs.CodeGen.JobsILPostProcessor, zzzUnity.Burst.CodeGen.BurstILPostProcessor
1 processor(s) skipped this assembly
running Unity.Jobs.CodeGen.JobsILPostProcessor
[709/899    0s] ILPostProcess Library/Bee/artifacts/200b0aE.dag/post-processed/Unity.ShaderGraph.Utilities.dll (+pdb)
Processing assembly Library/Bee/artifacts/200b0aE.dag/Unity.ShaderGraph.Utilities.dll, with 141 defines and 315 references
processors: Unity.Jobs.CodeGen.JobsILPostProcessor, zzzUnity.Burst.CodeGen.BurstILPostProcessor
1 processor(s) skipped this assembly
running Unity.Jobs.CodeGen.JobsILPostProcessor
[710/899    0s] ILPostProcess Library/Bee/artifacts/200b0aE.dag/post-processed/Unity.InputSystem.ForUI.Editor.dll (+pdb)
Processing assembly Library/Bee/artifacts/200b0aE.dag/Unity.InputSystem.ForUI.Editor.dll, with 141 defines and 317 references
processors: Unity.Jobs.CodeGen.JobsILPostProcessor, zzzUnity.Burst.CodeGen.BurstILPostProcessor
1 processor(s) skipped this assembly
running Unity.Jobs.CodeGen.JobsILPostProcessor
[711/899    0s] ILPostProcess Library/Bee/artifacts/200b0aE.dag/post-processed/Unity.CollabProxy.Editor.dll (+pdb)
Processing assembly Library/Bee/artifacts/200b0aE.dag/Unity.CollabProxy.Editor.dll, with 141 defines and 316 references
processors: Unity.Jobs.CodeGen.JobsILPostProcessor, zzzUnity.Burst.CodeGen.BurstILPostProcessor
1 processor(s) skipped this assembly
running Unity.Jobs.CodeGen.JobsILPostProcessor
[712/899    0s] ILPostProcess Library/Bee/artifacts/200b0aE.dag/post-processed/Unity.PlasticSCM.Editor.Assistant.dll (+pdb)
Processing assembly Library/Bee/artifacts/200b0aE.dag/Unity.PlasticSCM.Editor.Assistant.dll, with 141 defines and 316 references
processors: Unity.Jobs.CodeGen.JobsILPostProcessor, zzzUnity.Burst.CodeGen.BurstILPostProcessor
1 processor(s) skipped this assembly
running Unity.Jobs.CodeGen.JobsILPostProcessor
[713/899    0s] ILPostProcess Library/Bee/artifacts/200b0aE.dag/post-processed/Unity.VisualScripting.Shared.Editor.dll (+pdb)
Processing assembly Library/Bee/artifacts/200b0aE.dag/Unity.VisualScripting.Shared.Editor.dll, with 141 defines and 321 references
processors: Unity.Jobs.CodeGen.JobsILPostProcessor, zzzUnity.Burst.CodeGen.BurstILPostProcessor
1 processor(s) skipped this assembly
running Unity.Jobs.CodeGen.JobsILPostProcessor
[714/899    0s] ILPostProcess Library/Bee/artifacts/200b0aE.dag/post-processed/Unity.GraphAuthoring.Editor.dll (+pdb)
Processing assembly Library/Bee/artifacts/200b0aE.dag/Unity.GraphAuthoring.Editor.dll, with 141 defines and 315 references
processors: Unity.Jobs.CodeGen.JobsILPostProcessor, zzzUnity.Burst.CodeGen.BurstILPostProcessor
1 processor(s) skipped this assembly
running Unity.Jobs.CodeGen.JobsILPostProcessor
[715/899    0s] ILPostProcess Library/Bee/artifacts/200b0aE.dag/post-processed/Unity.TextMeshPro.Editor.dll (+pdb)
Processing assembly Library/Bee/artifacts/200b0aE.dag/Unity.TextMeshPro.Editor.dll, with 141 defines and 317 references
processors: Unity.Jobs.CodeGen.JobsILPostProcessor, zzzUnity.Burst.CodeGen.BurstILPostProcessor
1 processor(s) skipped this assembly
running Unity.Jobs.CodeGen.JobsILPostProcessor
[716/899    0s] ILPostProcess Library/Bee/artifacts/200b0aE.dag/post-processed/Unity.PerformanceTesting.Editor.dll (+pdb)
Processing assembly Library/Bee/artifacts/200b0aE.dag/Unity.PerformanceTesting.Editor.dll, with 142 defines and 302 references
processors: Unity.Jobs.CodeGen.JobsILPostProcessor, zzzUnity.Burst.CodeGen.BurstILPostProcessor
1 processor(s) skipped this assembly
running Unity.Jobs.CodeGen.JobsILPostProcessor
[717/899    0s] ILPostProcess Library/Bee/artifacts/200b0aE.dag/post-processed/UnityEditor.UI.Analytics.dll (+pdb)
Processing assembly Library/Bee/artifacts/200b0aE.dag/UnityEditor.UI.Analytics.dll, with 141 defines and 316 references
processors: Unity.Jobs.CodeGen.JobsILPostProcessor, zzzUnity.Burst.CodeGen.BurstILPostProcessor
1 processor(s) skipped this assembly
running Unity.Jobs.CodeGen.JobsILPostProcessor
[718/899    0s] ILPostProcess Library/Bee/artifacts/200b0aE.dag/post-processed/Unity.AI.Navigation.Editor.dll (+pdb)
Processing assembly Library/Bee/artifacts/200b0aE.dag/Unity.AI.Navigation.Editor.dll, with 142 defines and 317 references
processors: Unity.Jobs.CodeGen.JobsILPostProcessor, zzzUnity.Burst.CodeGen.BurstILPostProcessor
1 processor(s) skipped this assembly
running Unity.Jobs.CodeGen.JobsILPostProcessor
[719/899    1s] Csc Library/Bee/artifacts/200b0aE.dag/Unity.RenderPipelines.Universal.Runtime.dll (+2 others)
[720/899    1s] Csc Library/Bee/artifacts/200b0aE.dag/Unity.RenderPipelines.Core.Editor.dll (+2 others)
[           0s] Csc Library/Bee/artifacts/200b0aE.dag/Unity.RenderPipelines.Universal.Runtime.dll (+2 others) [CacheWrite 1135b18c8b29d601d66601dce0d297ae00000000000000000000000000000006]
[           0s] Csc Library/Bee/artifacts/200b0aE.dag/Unity.RenderPipelines.Core.Editor.dll (+2 others) [CacheWrite a172fa76bbac3842d1908371472f0ae000000000000000000000000000000006]
[           0s] Csc Library/Bee/artifacts/200b0aE.dag/Unity.RenderPipelines.Universal.2D.Runtime.dll (+2 others) [CacheMiss 6f1b6b3dcda1e648ce4ae8363021a1bb00000000000000000000000000000006]
[           0s] Csc Library/Bee/artifacts/200b0aE.dag/Unity.ShaderGraph.Editor.dll (+2 others) [CacheMiss d9cf054cab7d3a56d203e24d9ba4e0aa00000000000000000000000000000006]
[726/899    0s] ILPostProcess Library/Bee/artifacts/200b0aE.dag/post-processed/Unity.Collections.Editor.dll (+pdb)
Processing assembly Library/Bee/artifacts/200b0aE.dag/Unity.Collections.Editor.dll, with 142 defines and 316 references
processors: Unity.Jobs.CodeGen.JobsILPostProcessor, zzzUnity.Burst.CodeGen.BurstILPostProcessor
1 processor(s) skipped this assembly
running Unity.Jobs.CodeGen.JobsILPostProcessor
[           0s] Csc Library/Bee/artifacts/200b0aE.dag/Unity.RenderPipelines.Core.Editor.Shared.dll (+2 others) [CacheMiss 346d8415a23ad995c194e15a8daacda000000000000000000000000000000006]
[727/899    1s] ILPostProcess Library/Bee/artifacts/200b0aE.dag/post-processed/Unity.RenderPipelines.Core.Runtime.dll (+pdb)
Processing assembly Library/Bee/artifacts/200b0aE.dag/Unity.RenderPipelines.Core.Runtime.dll, with 148 defines and 309 references
processors: Unity.Jobs.CodeGen.JobsILPostProcessor, zzzUnity.Burst.CodeGen.BurstILPostProcessor
1 processor(s) skipped this assembly
running Unity.Jobs.CodeGen.JobsILPostProcessor
[728/899    1s] ILPostProcess Library/Bee/artifacts/200b0aE.dag/post-processed/Unity.RenderPipelines.GPUDriven.Runtime.dll (+pdb)
Processing assembly Library/Bee/artifacts/200b0aE.dag/Unity.RenderPipelines.GPUDriven.Runtime.dll, with 144 defines and 310 references
processors: Unity.Jobs.CodeGen.JobsILPostProcessor, zzzUnity.Burst.CodeGen.BurstILPostProcessor
running Unity.Jobs.CodeGen.JobsILPostProcessor
running zzzUnity.Burst.CodeGen.BurstILPostProcessor
[729/899    0s] ILPostProcess Library/Bee/artifacts/200b0aE.dag/post-processed/Unity.PathTracing.Editor.dll (+pdb)
Processing assembly Library/Bee/artifacts/200b0aE.dag/Unity.PathTracing.Editor.dll, with 142 defines and 318 references
processors: Unity.Jobs.CodeGen.JobsILPostProcessor, zzzUnity.Burst.CodeGen.BurstILPostProcessor
1 processor(s) skipped this assembly
running Unity.Jobs.CodeGen.JobsILPostProcessor
[730/899    0s] ILPostProcess Library/Bee/artifacts/200b0aE.dag/post-processed/UnityEditor.UI.dll (+pdb)
Processing assembly Library/Bee/artifacts/200b0aE.dag/UnityEditor.UI.dll, with 144 defines and 314 references
processors: Unity.Jobs.CodeGen.JobsILPostProcessor, zzzUnity.Burst.CodeGen.BurstILPostProcessor
1 processor(s) skipped this assembly
running Unity.Jobs.CodeGen.JobsILPostProcessor
[731/899    0s] ILPostProcess Library/Bee/artifacts/200b0aE.dag/post-processed/Unity.PlasticSCM.Editor.Entities.dll (+pdb)
Processing assembly Library/Bee/artifacts/200b0aE.dag/Unity.PlasticSCM.Editor.Entities.dll, with 141 defines and 316 references
processors: Unity.Jobs.CodeGen.JobsILPostProcessor, zzzUnity.Burst.CodeGen.BurstILPostProcessor
1 processor(s) skipped this assembly
running Unity.Jobs.CodeGen.JobsILPostProcessor
[732/899    1s] ILPostProcess Library/Bee/artifacts/200b0aE.dag/post-processed/Unity.InputSystem.dll (+pdb)
Processing assembly Library/Bee/artifacts/200b0aE.dag/Unity.InputSystem.dll, with 156 defines and 306 references
processors: Unity.Jobs.CodeGen.JobsILPostProcessor, zzzUnity.Burst.CodeGen.BurstILPostProcessor
1 processor(s) skipped this assembly
running Unity.Jobs.CodeGen.JobsILPostProcessor
[733/899    0s] ILPostProcess Library/Bee/artifacts/200b0aE.dag/post-processed/Unity.InputSystem.DocCodeSamples.dll (+pdb)
Processing assembly Library/Bee/artifacts/200b0aE.dag/Unity.InputSystem.DocCodeSamples.dll, with 141 defines and 302 references
processors: Unity.Jobs.CodeGen.JobsILPostProcessor, zzzUnity.Burst.CodeGen.BurstILPostProcessor
1 processor(s) skipped this assembly
running Unity.Jobs.CodeGen.JobsILPostProcessor
[734/899    0s] ILPostProcess Library/Bee/artifacts/200b0aE.dag/post-processed/UnityEditor.TestRunner.dll (+pdb)
Processing assembly Library/Bee/artifacts/200b0aE.dag/UnityEditor.TestRunner.dll, with 142 defines and 302 references
processors: Unity.Jobs.CodeGen.JobsILPostProcessor, zzzUnity.Burst.CodeGen.BurstILPostProcessor
1 processor(s) skipped this assembly
running Unity.Jobs.CodeGen.JobsILPostProcessor
[735/899    0s] ILPostProcess Library/Bee/artifacts/200b0aE.dag/post-processed/Unity.VisualScripting.Flow.Editor.dll (+pdb)
Processing assembly Library/Bee/artifacts/200b0aE.dag/Unity.VisualScripting.Flow.Editor.dll, with 143 defines and 319 references
processors: Unity.Jobs.CodeGen.JobsILPostProcessor, zzzUnity.Burst.CodeGen.BurstILPostProcessor
1 processor(s) skipped this assembly
running Unity.Jobs.CodeGen.JobsILPostProcessor
[736/899    0s] Csc Library/Bee/artifacts/200b0aE.dag/Unity.RenderPipelines.Core.Editor.Shared.dll (+2 others)
[           0s] Csc Library/Bee/artifacts/200b0aE.dag/Unity.RenderPipelines.Core.Editor.Shared.dll (+2 others) [CacheWrite 346d8415a23ad995c194e15a8daacda000000000000000000000000000000006]
[738/899    0s] CopyFiles Library/ScriptAssemblies/Unity.PerformanceTesting.dll
[739/899    0s] CopyFiles Library/ScriptAssemblies/Unity.Collections.Tests.CoreCLR.ProtectedJobNested.dll
[740/899    0s] CopyFiles Library/ScriptAssemblies/Unity.RenderPipelines.ShaderGraph.ShaderGraphLibrary.dll
[741/899    0s] CopyFiles Library/ScriptAssemblies/Unity.Collections.Tests.CoreCLR.InternalJobNestedPrivate.dll
[742/899    0s] CopyFiles Library/ScriptAssemblies/Unity.Collections.Tests.CoreCLR.PublicJobPrivateGeneric.dll
[743/899    0s] CopyFiles Library/ScriptAssemblies/Unity.VisualScripting.DocCodeExamples.dll
[744/899    0s] CopyFiles Library/ScriptAssemblies/Unity.InputSystem.dll
[745/899    0s] CopyFiles Library/ScriptAssemblies/Unity.Burst.dll
[746/899    0s] CopyFiles Library/ScriptAssemblies/Unity.InputSystem.TestFramework.dll
[747/899    0s] CopyFiles Library/ScriptAssemblies/Unity.Collections.Tests.CoreCLR.PrivateJobNested.dll
[748/899    0s] CopyFiles Library/ScriptAssemblies/Unity.SurfaceCache.Runtime.dll
[749/899    0s] CopyFiles Library/ScriptAssemblies/Unity.InputSystem.ForUI.dll
[750/899    0s] CopyFiles Library/ScriptAssemblies/Unity.Profiling.Core.dll
[751/899    0s] CopyFiles Library/ScriptAssemblies/Unity.PathTracing.Runtime.dll
[752/899    0s] CopyFiles Library/ScriptAssemblies/Unity.TextMeshPro.dll
[753/899    0s] CopyFiles Library/ScriptAssemblies/Unity.RenderPipelines.GPUDriven.Runtime.dll
[754/899    0s] CopyFiles Library/ScriptAssemblies/Unity.RenderPipelines.Core.Runtime.dll
[755/899    0s] ILPostProcess Library/Bee/artifacts/200b0aE.dag/post-processed/Unity.InternalAPIEngineBridge.RenderPipelines.Core.Editor.dll (+pdb)
Processing assembly Library/Bee/artifacts/200b0aE.dag/Unity.InternalAPIEngineBridge.RenderPipelines.Core.Editor.dll, with 141 defines and 315 references
processors: Unity.Jobs.CodeGen.JobsILPostProcessor, zzzUnity.Burst.CodeGen.BurstILPostProcessor
1 processor(s) skipped this assembly
running Unity.Jobs.CodeGen.JobsILPostProcessor
[756/899    0s] CopyFiles Library/ScriptAssemblies/Unity.RenderPipelines.Universal.Config.Runtime.dll
[757/899    0s] CopyFiles Library/ScriptAssemblies/Unity.VisualScripting.Flow.dll
[758/899    0s] CopyFiles Library/ScriptAssemblies/Unity.InternalAPIEngineBridge.ObjectDispatcher.Runtime.dll
[759/899    0s] CopyFiles Library/ScriptAssemblies/Unity.VisualScripting.Core.dll
[760/899    0s] CopyFiles Library/ScriptAssemblies/Unity.RenderPipelines.Core.ShaderLibrary.dll
[761/899    0s] CopyFiles Library/ScriptAssemblies/UnityEngine.UI.dll
[762/899    0s] CopyFiles Library/ScriptAssemblies/Unity.Collections.dll
[763/899    0s] CopyFiles Library/ScriptAssemblies/Unity.UnifiedRayTracing.Runtime.dll
[764/899    0s] CopyFiles Library/ScriptAssemblies/Unity.InternalAPIEngineBridge.RenderPipelines.Core.Runtime.Shared.dll
[765/899    0s] CopyFiles Library/ScriptAssemblies/Unity.InternalAPIEngineBridge.004.dll
[766/899    0s] CopyFiles Library/ScriptAssemblies/Unity.Timeline.dll
[767/899    0s] CopyFiles Library/ScriptAssemblies/Unity.RenderPipelines.Universal.Shaders.dll
[768/899    0s] CopyFiles Library/ScriptAssemblies/Unity.AI.Navigation.dll
[769/899    0s] CopyFiles Library/ScriptAssemblies/UnityEngine.TestRunner.dll
[770/899    0s] CopyFiles Library/ScriptAssemblies/Unity.RenderPipelines.Core.Runtime.Shared.dll
[771/899    0s] CopyFiles Library/ScriptAssemblies/Unity.VisualScripting.State.dll
[772/899    0s] CopyFiles Library/ScriptAssemblies/Unity.RenderPipeline.Universal.ShaderLibrary.dll
[773/899    0s] CopyFiles Library/ScriptAssemblies/Unity.InternalAPIEngineBridge.RenderPipelines.Core.Editor.dll
[774/899    0s] CopyFiles Library/ScriptAssemblies/Unity.InternalAPIEngineBridge.RenderPipelines.Core.Editor.pdb
[775/899    0s] CopyFiles Library/ScriptAssemblies/Unity.VisualScripting.Flow.Editor.pdb
[776/899    0s] CopyFiles Library/ScriptAssemblies/Unity.VisualScripting.Flow.Editor.dll
[777/899    0s] CopyFiles Library/ScriptAssemblies/UnityEditor.TestRunner.pdb
[778/899    0s] CopyFiles Library/ScriptAssemblies/UnityEditor.TestRunner.dll
[779/899    0s] CopyFiles Library/ScriptAssemblies/Unity.InputSystem.DocCodeSamples.pdb
[780/899    0s] CopyFiles Library/ScriptAssemblies/Unity.InputSystem.DocCodeSamples.dll
[781/899    0s] CopyFiles Library/ScriptAssemblies/Unity.InputSystem.pdb
[782/899    0s] CopyFiles Library/ScriptAssemblies/Unity.PlasticSCM.Editor.Entities.pdb
[783/899    0s] CopyFiles Library/ScriptAssemblies/UnityEditor.UI.dll
[784/899    0s] CopyFiles Library/ScriptAssemblies/UnityEditor.UI.pdb
[785/899    0s] CopyFiles Library/ScriptAssemblies/Unity.PathTracing.Editor.pdb
[786/899    0s] CopyFiles Library/ScriptAssemblies/Unity.PathTracing.Editor.dll
[787/899    0s] CopyFiles Library/ScriptAssemblies/Unity.RenderPipelines.GPUDriven.Runtime.pdb
[788/899    0s] CopyFiles Library/ScriptAssemblies/Unity.RenderPipelines.Core.Runtime.pdb
[789/899    0s] CopyFiles Library/ScriptAssemblies/Unity.Collections.Editor.pdb
[790/899    0s] CopyFiles Library/ScriptAssemblies/Unity.Collections.Editor.dll
[791/899    0s] CopyFiles Library/ScriptAssemblies/Unity.AI.Navigation.Editor.pdb
[792/899    0s] CopyFiles Library/ScriptAssemblies/Unity.AI.Navigation.Editor.dll
[793/899    0s] CopyFiles Library/ScriptAssemblies/UnityEditor.UI.Analytics.dll
[794/899    0s] CopyFiles Library/ScriptAssemblies/UnityEditor.UI.Analytics.pdb
[795/899    0s] CopyFiles Library/ScriptAssemblies/Unity.PerformanceTesting.Editor.dll
[796/899    0s] CopyFiles Library/ScriptAssemblies/Unity.PerformanceTesting.Editor.pdb
[797/899    0s] CopyFiles Library/ScriptAssemblies/Unity.PlasticSCM.Editor.Entities.dll
[798/899    0s] CopyFiles Library/ScriptAssemblies/Unity.TextMeshPro.Editor.pdb
[799/899    0s] CopyFiles Library/ScriptAssemblies/Unity.TextMeshPro.Editor.dll
[800/899    0s] CopyFiles Library/ScriptAssemblies/Unity.GraphAuthoring.Editor.pdb
[801/899    0s] CopyFiles Library/ScriptAssemblies/Unity.GraphAuthoring.Editor.dll
[802/899    0s] CopyFiles Library/ScriptAssemblies/Unity.VisualScripting.Shared.Editor.pdb
[803/899    0s] CopyFiles Library/ScriptAssemblies/Unity.VisualScripting.Shared.Editor.dll
[804/899    0s] CopyFiles Library/ScriptAssemblies/Unity.PlasticSCM.Editor.Assistant.pdb
[805/899    0s] CopyFiles Library/ScriptAssemblies/Unity.PlasticSCM.Editor.Assistant.dll
[806/899    0s] CopyFiles Library/ScriptAssemblies/Unity.CollabProxy.Editor.pdb
[807/899    0s] CopyFiles Library/ScriptAssemblies/Unity.CollabProxy.Editor.dll
[808/899    0s] CopyFiles Library/ScriptAssemblies/Unity.InputSystem.ForUI.Editor.dll
[809/899    0s] CopyFiles Library/ScriptAssemblies/Unity.InputSystem.ForUI.Editor.pdb
[810/899    0s] CopyFiles Library/ScriptAssemblies/Unity.AI.Navigation.Editor.ConversionSystem.dll
[811/899    0s] CopyFiles Library/ScriptAssemblies/Unity.AI.Navigation.Editor.ConversionSystem.pdb
[812/899    0s] CopyFiles Library/ScriptAssemblies/Unity.ShaderGraph.Utilities.pdb
[813/899    0s] CopyFiles Library/ScriptAssemblies/Unity.SurfaceCache.Runtime.pdb
[814/899    0s] CopyFiles Library/ScriptAssemblies/Unity.VisualScripting.SettingsProvider.Editor.pdb
[815/899    0s] CopyFiles Library/ScriptAssemblies/Unity.ShaderGraph.Utilities.dll
[816/899    0s] CopyFiles Library/ScriptAssemblies/Unity.VisualScripting.SettingsProvider.Editor.dll
[817/899    0s] CopyFiles Library/ScriptAssemblies/Unity.RenderPipelines.Universal.Config.Runtime.pdb
[818/899    0s] CopyFiles Library/ScriptAssemblies/Unity.PathTracing.Runtime.pdb
[819/899    0s] CopyFiles Library/ScriptAssemblies/Unity.VisualScripting.Core.pdb
[820/899    0s] CopyFiles Library/ScriptAssemblies/Unity.Searcher.Editor.dll
[821/899    0s] CopyFiles Library/ScriptAssemblies/Unity.Searcher.Editor.pdb
[822/899    0s] CopyFiles Library/ScriptAssemblies/Unity.InternalAPIEngineBridge.RenderPipelines.Core.Runtime.Shared.pdb
[823/899    0s] CopyFiles Library/ScriptAssemblies/Unity.RenderPipelines.Universal.Shaders.pdb
[824/899    0s] CopyFiles Library/ScriptAssemblies/Unity.AI.Navigation.pdb
[825/899    0s] CopyFiles Library/ScriptAssemblies/Unity.RenderPipelines.Core.Runtime.Shared.pdb
[826/899    0s] CopyFiles Library/ScriptAssemblies/Unity.RenderPipeline.Universal.ShaderLibrary.pdb
[827/899    0s] CopyFiles Library/ScriptAssemblies/Unity.InputSystem.TestFramework.pdb
[828/899    0s] CopyFiles Library/ScriptAssemblies/Unity.Timeline.pdb
[829/899    0s] CopyFiles Library/ScriptAssemblies/Unity.TextMeshPro.pdb
[830/899    0s] CopyFiles Library/ScriptAssemblies/Unity.Collections.Tests.CoreCLR.PublicJobPrivateGeneric.pdb
[831/899    0s] CopyFiles Library/ScriptAssemblies/Unity.Collections.pdb
[832/899    0s] CopyFiles Library/ScriptAssemblies/Unity.Collections.Tests.CoreCLR.ProtectedJobNested.pdb
[833/899    0s] CopyFiles Library/ScriptAssemblies/Unity.UnifiedRayTracing.Runtime.pdb
[834/899    0s] CopyFiles Library/ScriptAssemblies/Unity.RenderPipelines.ShaderGraph.ShaderGraphLibrary.pdb
[835/899    0s] CopyFiles Library/ScriptAssemblies/Unity.RenderPipelines.Core.ShaderLibrary.pdb
[836/899    0s] CopyFiles Library/ScriptAssemblies/UnityEngine.TestRunner.pdb
[837/899    0s] CopyFiles Library/ScriptAssemblies/Unity.PerformanceTesting.pdb
[838/899    0s] CopyFiles Library/ScriptAssemblies/Unity.VisualScripting.Flow.pdb
[839/899    0s] CopyFiles Library/ScriptAssemblies/Unity.VisualScripting.DocCodeExamples.pdb
[840/899    0s] CopyFiles Library/ScriptAssemblies/UnityEngine.UI.pdb
[841/899    0s] CopyFiles Library/ScriptAssemblies/Unity.InternalAPIEngineBridge.004.pdb
[842/899    0s] CopyFiles Library/ScriptAssemblies/Unity.VisualScripting.State.pdb
[843/899    0s] CopyFiles Library/ScriptAssemblies/Unity.Collections.Tests.CoreCLR.PrivateJobNested.pdb
[844/899    0s] CopyFiles Library/ScriptAssemblies/Unity.Collections.Tests.CoreCLR.InternalJobNestedPrivate.pdb
[845/899    0s] CopyFiles Library/ScriptAssemblies/Unity.Burst.pdb
[846/899    0s] CopyFiles Library/ScriptAssemblies/Unity.InputSystem.ForUI.pdb
[847/899    0s] CopyFiles Library/ScriptAssemblies/Unity.InternalAPIEngineBridge.ObjectDispatcher.Runtime.pdb
[848/899    0s] CopyFiles Library/ScriptAssemblies/Unity.Profiling.Core.pdb
[849/899    0s] Csc Library/Bee/artifacts/200b0aE.dag/Unity.RenderPipelines.Universal.2D.Runtime.dll (+2 others)
[           0s] Csc Library/Bee/artifacts/200b0aE.dag/Unity.RenderPipelines.Universal.2D.Runtime.dll (+2 others) [CacheWrite 6f1b6b3dcda1e648ce4ae8363021a1bb00000000000000000000000000000006]
[851/899    0s] ILPostProcess Library/Bee/artifacts/200b0aE.dag/post-processed/Unity.InternalAPIEditorBridge.ShaderGraph.Editor.dll (+pdb)
Processing assembly Library/Bee/artifacts/200b0aE.dag/Unity.InternalAPIEditorBridge.ShaderGraph.Editor.dll, with 141 defines and 315 references
processors: Unity.Jobs.CodeGen.JobsILPostProcessor, zzzUnity.Burst.CodeGen.BurstILPostProcessor
1 processor(s) skipped this assembly
running Unity.Jobs.CodeGen.JobsILPostProcessor
[852/899    0s] CopyFiles Library/ScriptAssemblies/Unity.InternalAPIEditorBridge.ShaderGraph.Editor.pdb
[853/899    0s] CopyFiles Library/ScriptAssemblies/Unity.InternalAPIEditorBridge.ShaderGraph.Editor.dll
[854/899    0s] ILPostProcess Library/Bee/artifacts/200b0aE.dag/post-processed/Unity.AI.Navigation.Updater.dll (+pdb)
Processing assembly Library/Bee/artifacts/200b0aE.dag/Unity.AI.Navigation.Updater.dll, with 141 defines and 318 references
processors: Unity.Jobs.CodeGen.JobsILPostProcessor, zzzUnity.Burst.CodeGen.BurstILPostProcessor
1 processor(s) skipped this assembly
running Unity.Jobs.CodeGen.JobsILPostProcessor
[855/899    0s] CopyFiles Library/ScriptAssemblies/Unity.AI.Navigation.Updater.pdb
[856/899    0s] CopyFiles Library/ScriptAssemblies/Unity.AI.Navigation.Updater.dll
[857/899    0s] ILPostProcess Library/Bee/artifacts/200b0aE.dag/post-processed/Unity.RenderPipelines.Core.Editor.Shared.dll (+pdb)
Processing assembly Library/Bee/artifacts/200b0aE.dag/Unity.RenderPipelines.Core.Editor.Shared.dll, with 141 defines and 322 references
processors: Unity.Jobs.CodeGen.JobsILPostProcessor, zzzUnity.Burst.CodeGen.BurstILPostProcessor
1 processor(s) skipped this assembly
running Unity.Jobs.CodeGen.JobsILPostProcessor
[858/899    0s] ILPostProcess Library/Bee/artifacts/200b0aE.dag/post-processed/Unity.Rendering.LightTransport.Editor.dll (+pdb)
Processing assembly Library/Bee/artifacts/200b0aE.dag/Unity.Rendering.LightTransport.Editor.dll, with 141 defines and 315 references
processors: Unity.Jobs.CodeGen.JobsILPostProcessor, zzzUnity.Burst.CodeGen.BurstILPostProcessor
1 processor(s) skipped this assembly
running Unity.Jobs.CodeGen.JobsILPostProcessor
[859/899    0s] ILPostProcess Library/Bee/artifacts/200b0aE.dag/post-processed/Unity.VisualScripting.State.Editor.dll (+pdb)
Processing assembly Library/Bee/artifacts/200b0aE.dag/Unity.VisualScripting.State.Editor.dll, with 141 defines and 320 references
processors: Unity.Jobs.CodeGen.JobsILPostProcessor, zzzUnity.Burst.CodeGen.BurstILPostProcessor
1 processor(s) skipped this assembly
running Unity.Jobs.CodeGen.JobsILPostProcessor
[860/899    0s] CopyFiles Library/ScriptAssemblies/Unity.RenderPipelines.Core.Editor.Shared.pdb
[861/899    0s] CopyFiles Library/ScriptAssemblies/Unity.RenderPipelines.Core.Editor.Shared.dll
[862/899    0s] CopyFiles Library/ScriptAssemblies/Unity.VisualScripting.State.Editor.dll
[863/899    0s] CopyFiles Library/ScriptAssemblies/Unity.Rendering.LightTransport.Editor.dll
[864/899    0s] CopyFiles Library/ScriptAssemblies/Unity.VisualScripting.State.Editor.pdb
[865/899    0s] CopyFiles Library/ScriptAssemblies/Unity.Rendering.LightTransport.Editor.pdb
[866/899    1s] ILPostProcess Library/Bee/artifacts/200b0aE.dag/post-processed/Unity.VisualScripting.Core.Editor.dll (+pdb)
Processing assembly Library/Bee/artifacts/200b0aE.dag/Unity.VisualScripting.Core.Editor.dll, with 141 defines and 316 references
processors: Unity.Jobs.CodeGen.JobsILPostProcessor, zzzUnity.Burst.CodeGen.BurstILPostProcessor
1 processor(s) skipped this assembly
running Unity.Jobs.CodeGen.JobsILPostProcessor
[867/899    0s] CopyFiles Library/ScriptAssemblies/Unity.VisualScripting.Core.Editor.dll
[868/899    0s] CopyFiles Library/ScriptAssemblies/Unity.VisualScripting.Core.Editor.pdb
[869/899    1s] ILPostProcess Library/Bee/artifacts/200b0aE.dag/post-processed/Unity.Timeline.Editor.dll (+pdb)
Processing assembly Library/Bee/artifacts/200b0aE.dag/Unity.Timeline.Editor.dll, with 142 defines and 316 references
processors: Unity.Jobs.CodeGen.JobsILPostProcessor, zzzUnity.Burst.CodeGen.BurstILPostProcessor
1 processor(s) skipped this assembly
running Unity.Jobs.CodeGen.JobsILPostProcessor
[870/899    0s] CopyFiles Library/ScriptAssemblies/Unity.Timeline.Editor.dll
[871/899    0s] CopyFiles Library/ScriptAssemblies/Unity.Timeline.Editor.pdb
[872/899    1s] ILPostProcess Library/Bee/artifacts/200b0aE.dag/post-processed/Unity.RenderPipelines.Universal.Runtime.dll (+pdb)
Processing assembly Library/Bee/artifacts/200b0aE.dag/Unity.RenderPipelines.Universal.Runtime.dll, with 151 defines and 316 references
processors: Unity.Jobs.CodeGen.JobsILPostProcessor, zzzUnity.Burst.CodeGen.BurstILPostProcessor
running Unity.Jobs.CodeGen.JobsILPostProcessor
running zzzUnity.Burst.CodeGen.BurstILPostProcessor
[873/899    0s] CopyFiles Library/ScriptAssemblies/Unity.RenderPipelines.Universal.Runtime.dll
[874/899    0s] CopyFiles Library/ScriptAssemblies/Unity.RenderPipelines.Universal.Runtime.pdb
[875/899    0s] ILPostProcess Library/Bee/artifacts/200b0aE.dag/post-processed/Unity.RenderPipelines.Universal.2D.Runtime.dll (+pdb)
Processing assembly Library/Bee/artifacts/200b0aE.dag/Unity.RenderPipelines.Universal.2D.Runtime.dll, with 146 defines and 311 references
processors: Unity.Jobs.CodeGen.JobsILPostProcessor, zzzUnity.Burst.CodeGen.BurstILPostProcessor
running Unity.Jobs.CodeGen.JobsILPostProcessor
running zzzUnity.Burst.CodeGen.BurstILPostProcessor
[876/899    0s] CopyFiles Library/ScriptAssemblies/Unity.RenderPipelines.Universal.2D.Runtime.dll
[877/899    0s] CopyFiles Library/ScriptAssemblies/Unity.RenderPipelines.Universal.2D.Runtime.pdb
[878/899    1s] ILPostProcess Library/Bee/artifacts/200b0aE.dag/post-processed/Unity.RenderPipelines.Core.Editor.dll (+pdb)
Processing assembly Library/Bee/artifacts/200b0aE.dag/Unity.RenderPipelines.Core.Editor.dll, with 145 defines and 323 references
processors: Unity.Jobs.CodeGen.JobsILPostProcessor, zzzUnity.Burst.CodeGen.BurstILPostProcessor
1 processor(s) skipped this assembly
running Unity.Jobs.CodeGen.JobsILPostProcessor
[879/899    0s] CopyFiles Library/ScriptAssemblies/Unity.RenderPipelines.Core.Editor.pdb
[880/899    0s] CopyFiles Library/ScriptAssemblies/Unity.RenderPipelines.Core.Editor.dll
[881/899    1s] ILPostProcess Library/Bee/artifacts/200b0aE.dag/post-processed/Unity.PlasticSCM.Editor.dll (+pdb)
Processing assembly Library/Bee/artifacts/200b0aE.dag/Unity.PlasticSCM.Editor.dll, with 142 defines and 305 references
processors: Unity.Jobs.CodeGen.JobsILPostProcessor, zzzUnity.Burst.CodeGen.BurstILPostProcessor
1 processor(s) skipped this assembly
running Unity.Jobs.CodeGen.JobsILPostProcessor
[882/899    0s] CopyFiles Library/ScriptAssemblies/Unity.PlasticSCM.Editor.pdb
[883/899    0s] CopyFiles Library/ScriptAssemblies/Unity.PlasticSCM.Editor.dll
[884/899    1s] Csc Library/Bee/artifacts/200b0aE.dag/Unity.ShaderGraph.Editor.dll (+2 others)
[           0s] Csc Library/Bee/artifacts/200b0aE.dag/Unity.ShaderGraph.Editor.dll (+2 others) [CacheWrite d9cf054cab7d3a56d203e24d9ba4e0aa00000000000000000000000000000006]
[           0s] Csc Library/Bee/artifacts/200b0aE.dag/Unity.RenderPipelines.Universal.Editor.dll (+2 others) [CacheMiss e986e71674c657a9d46597b55eb5ebac00000000000000000000000000000006]
[           0s] Csc Library/Bee/artifacts/200b0aE.dag/Unity.RenderPipelines.Universal.2D.Editor.Overrides.dll (+2 others) [CacheMiss 422d9ec88de257389f59a129ebcef9ee00000000000000000000000000000006]
[888/899    0s] ILPostProcess Library/Bee/artifacts/200b0aE.dag/post-processed/Unity.ShaderGraph.Editor.dll (+pdb)
Processing assembly Library/Bee/artifacts/200b0aE.dag/Unity.ShaderGraph.Editor.dll, with 141 defines and 321 references
processors: Unity.Jobs.CodeGen.JobsILPostProcessor, zzzUnity.Burst.CodeGen.BurstILPostProcessor
1 processor(s) skipped this assembly
running Unity.Jobs.CodeGen.JobsILPostProcessor
[889/899    0s] CopyFiles Library/ScriptAssemblies/Unity.ShaderGraph.Editor.pdb
[890/899    0s] CopyFiles Library/ScriptAssemblies/Unity.ShaderGraph.Editor.dll
[891/899    0s] Csc Library/Bee/artifacts/200b0aE.dag/Unity.RenderPipelines.Universal.2D.Editor.Overrides.dll (+2 others)
[892/899    0s] Csc Library/Bee/artifacts/200b0aE.dag/Unity.RenderPipelines.Universal.Editor.dll (+2 others)
[           0s] Csc Library/Bee/artifacts/200b0aE.dag/Unity.RenderPipelines.Universal.2D.Editor.Overrides.dll (+2 others) [CacheWrite 422d9ec88de257389f59a129ebcef9ee00000000000000000000000000000006]
[           0s] Csc Library/Bee/artifacts/200b0aE.dag/Unity.RenderPipelines.Universal.Editor.dll (+2 others) [CacheWrite e986e71674c657a9d46597b55eb5ebac00000000000000000000000000000006]
[897/899    0s] ILPostProcess Library/Bee/artifacts/200b0aE.dag/post-processed/Unity.RenderPipelines.Universal.2D.Editor.Overrides.dll (+pdb)
Processing assembly Library/Bee/artifacts/200b0aE.dag/Unity.RenderPipelines.Universal.2D.Editor.Overrides.dll, with 142 defines and 323 references
processors: Unity.Jobs.CodeGen.JobsILPostProcessor, zzzUnity.Burst.CodeGen.BurstILPostProcessor
1 processor(s) skipped this assembly
running Unity.Jobs.CodeGen.JobsILPostProcessor
[898/899    0s] Csc Library/Bee/artifacts/200b0aE.dag/Assembly-CSharp.dll (+2 others)
[899/899    0s] CopyFiles Library/ScriptAssemblies/Unity.RenderPipelines.Universal.2D.Editor.Overrides.dll
[900/899    0s] CopyFiles Library/ScriptAssemblies/Unity.RenderPipelines.Universal.2D.Editor.Overrides.pdb
[901/899    0s] ILPostProcess Library/Bee/artifacts/200b0aE.dag/post-processed/Unity.RenderPipelines.Universal.Editor.dll (+pdb)
Processing assembly Library/Bee/artifacts/200b0aE.dag/Unity.RenderPipelines.Universal.Editor.dll, with 145 defines and 327 references
processors: Unity.Jobs.CodeGen.JobsILPostProcessor, zzzUnity.Burst.CodeGen.BurstILPostProcessor
1 processor(s) skipped this assembly
running Unity.Jobs.CodeGen.JobsILPostProcessor
[902/899    0s] CopyFiles Library/ScriptAssemblies/Unity.RenderPipelines.Universal.Editor.pdb
[903/899    0s] CopyFiles Library/ScriptAssemblies/Unity.RenderPipelines.Universal.Editor.dll
[904/899    0s] ILPostProcess Library/Bee/artifacts/200b0aE.dag/post-processed/Assembly-CSharp.dll (+pdb)
Processing assembly Library/Bee/artifacts/200b0aE.dag/Assembly-CSharp.dll, with 143 defines and 352 references
processors: Unity.Jobs.CodeGen.JobsILPostProcessor, zzzUnity.Burst.CodeGen.BurstILPostProcessor
1 processor(s) skipped this assembly
running Unity.Jobs.CodeGen.JobsILPostProcessor
[905/899    0s] Csc Library/Bee/artifacts/200b0aE.dag/Assembly-CSharp-Editor.dll (+2 others)
[906/899    0s] CopyFiles Library/ScriptAssemblies/Assembly-CSharp.dll
[907/899    0s] CopyFiles Library/ScriptAssemblies/Assembly-CSharp.pdb
[908/899    0s] ILPostProcess Library/Bee/artifacts/200b0aE.dag/post-processed/Assembly-CSharp-Editor.dll (+pdb)
Processing assembly Library/Bee/artifacts/200b0aE.dag/Assembly-CSharp-Editor.dll, with 141 defines and 375 references
processors: Unity.Jobs.CodeGen.JobsILPostProcessor, zzzUnity.Burst.CodeGen.BurstILPostProcessor
1 processor(s) skipped this assembly
running Unity.Jobs.CodeGen.JobsILPostProcessor
[909/899    0s] CopyFiles Library/ScriptAssemblies/Assembly-CSharp-Editor.dll
[910/899    0s] CopyFiles Library/ScriptAssemblies/Assembly-CSharp-Editor.pdb
*** Tundra build success (12.24 seconds), 356 items updated, 899 evaluated
AssetDatabase: script compilation time: 13.999317s
Total cache size 231423220
Total cache size after purge 231423220, took 00:00:00.2050214
Begin MonoManager ReloadAssembly
'Packages/com.unity.render-pipelines.core/Editor/Deprecated.cs' contains partial class of Unity.Object, exactly 1 of the partial classes needs to be in a file with the same filename. This is to know the one that can be referenced from ie. GameObjects
'Packages/com.unity.render-pipelines.core/Editor/Deprecated.cs' contains partial class of Unity.Object, exactly 1 of the partial classes needs to be in a file with the same filename. This is to know the one that can be referenced from ie. GameObjects
Native extension for OSXStandalone target not found
Native extension for WebGL target not found
ScheduleIndexationOnStartup MainProcess:True IndexOnStartup:True
Scripting: successfully reloaded assembly
- Finished resetting the current domain, in  0.629 seconds
Domain Reload Profiling: 1173ms
	BeginReloadAssembly (151ms)
		DisableScriptedObjects (13ms)
		CreateAndSetChildDomain (28ms)
	RebuildCommonClasses (5ms)
	RebuildNativeTypeToScriptingClass (9ms)
	initialDomainReloadingComplete (25ms)
	LoadAllAssembliesAndSetupDomain (353ms)
		LoadAssemblies (194ms)
		TypeCache.Refresh (98ms)
			TypeCache.ScanAssembly (89ms)
		AnalyzeDomain (46ms)
			BuildScriptInfoCaches (40ms)
			ResolveRequiredComponents (4ms)
	FinalizeReload (630ms)
		SetupLoadedEditorAssemblies (0ms)
			BeforeProcessingInitializeOnLoad (51ms)
			ProcessInitializeOnLoadAttributes (259ms)
			ProcessInitializeOnLoadMethodAttributes (43ms)
		AwakeInstancesAfterBackupRestoration (11ms)
Launching external process: /Applications/Unity/Hub/Editor/6000.6.3f1/Unity.app/Contents/Helpers/UnityShaderCompiler
Starting new worker id: 0 with log in /Users/cassiuspalacio/Documents/UC Berkeley TDF/DesComp/DesComp Project_CompVis/Paladin_Digiphant/Paladin_Digiphant/Logs/AssetImportWorkerHW0.log

Asset Pipeline Refresh (id=b2920943f89294dcd9e489f2cd842911): Total: 16.041 seconds - Initiated by InitialRefreshV2(ForceSynchronousImport)
	(Values over 0.05ms)
	Summary:
		Imports: total=0 (actual=0, local cache=0, cache server=0)
		Asset DB Process Time: managed=0 ms, native=1357 ms
		Asset DB Callback time: managed=22 ms, native=9 ms
		Scripting: domain reloads=1, domain reload time=619 ms, compile time=14000 ms, other=31 ms
		Project Asset Count: scripts=1368, non-scripts=2317
		Asset File Changes: new=0, changed=0, moved=0, deleted=0
		Scan Filter Count: 1
	InvokePackagesCallback: 10.910ms
	ApplyChangesToAssetFolders: 0.315ms
	Scan: 490.928ms
	Collect global state as custom dependencies: 12.783ms
	CategorizeScriptCompilationAssets: 34.440ms
	ProcessAssetsWithTransientArtifactChanges: 36.890ms
	CategorizeAssets: 36.692ms
	CompileScripts: 14000.377ms
	ImportOutOfDateAssets: 639.691ms (634.038ms without children)
		ReloadNativeAssets: 0.227ms
		UnloadImportedAssets: 2.343ms
		EnsureUptoDateAssetsAreRegisteredWithGuidPM: 0.413ms
		ImportSchedulerStart: 2.669ms
	PostProcessAllAssets: 22.317ms
		MonoPostProcessAllAssets: 22.294ms
			UniversalRenderPipelineGlobalSettingsPostprocessor.OnPostprocessAllAssets 7.486ms
			SyncVS.PostprocessSyncProject 7.157ms
			SpeedTree9Postprocessor.OnPostprocessAllAssets 0.847ms
			WindowAssetPostprocessingWatcher.OnPostprocessAllAssets 0.821ms
			EditModeScopePostprocessor.OnPostprocessAllAssets 0.402ms
			RenderPipelineGlobalSettingsPostprocessor.OnPostprocessAllAssets 0.315ms
			ShaderReflectionAssetPostProcessor.OnPostprocessAllAssets 0.256ms
			InputActionAssetPostprocessor.OnPostprocessAllAssets 0.122ms
			ReferencedClipsPostProcessor.OnPostprocessAllAssets 0.118ms
			TerrainToolbarOverlayPostProcessor.OnPostprocessAllAssets 0.099ms
			ProjectSettingsPostprocessor.OnPostprocessAllAssets 0.081ms
			AssetDatabaseCallbacks.OnPostprocessAllAssets 0.065ms
	UnloadStreamsBegin: 1.319ms
	PersistCurrentRevisions: 0.075ms
	GenerateScriptTypeHashes: 0.742ms
	GenerateScriptTypeSerializationHashes: 1.412ms
	Untracked: 752.248ms

Application.AssetDatabase Initial Refresh End
Shader Hidden/ChartRasterizerHardware is not supported: GPU does not support conservative rasterization
Launched and connected shader compiler UnityShaderCompiler after 0.05 seconds
Shader Hidden/ChartRasterizerHardware is not supported: GPU does not support conservative rasterization
Scanning for USB devices : 0.056ms
Initializing Unity extensions:
[MODES] ModeService[none].Initialize
[MODES] ModeService[none].LoadModes
[MODES] Loading mode Default (0) for mode-current-id-Paladin_Digiphant
2026-10-02 10:04:36.513 Unity[26705:2617345] NSEventModifierFlagFunction specified to -setKeyEquivalentModifierMask: for item <NSMenuItem: 0x76c5e3d40 SDF, ke='Command-F12'>, but is only supported for system-provided menu items; will not be used
Unloading 63 Unused Serialized files (Serialized files now loaded: 0)
Loaded scene 'Assets/Scenes/SampleScene.unity'
	Deserialize:            3.343 ms
	Integration:            11.440 ms
	Integration of assets:  0.003 ms
	Thread Wait Time:       0.007 ms
	Total Operation Time:   14.793 ms
Unloading 6625 unused Assets / (9.4 MB). Loaded Objects now: 7577.
Memory consumption went from 258.1 MB to 248.7 MB.
Total: 7.477084 ms (FindLiveObjects: 0.388292 ms CreateObjectMapping: 0.113500 ms MarkObjects: 4.880417 ms  DeleteObjects: 2.011959 ms)

[LAYOUT] About to load UserSettings/Layouts/default-6000.dwlt, keepMainWindow=False
Worker ready: AssetImportWorkerHW0 0
2026-10-02 10:04:38.499 Unity[26705:2617345] NSEventModifierFlagFunction specified to -setKeyEquivalentModifierMask: for item <NSMenuItem: 0x76c5e2760 SDF, ke='Command-F12'>, but is only supported for system-provided menu items; will not be used
2026-10-02 10:04:38.502 Unity[26705:2617345] NSEventModifierFlagFunction specified to -setKeyEquivalentModifierMask: for item <NSMenuItem: 0x76c5d5c20 SDF, ke='Command-F12'>, but is only supported for system-provided menu items; will not be used
[LAYOUT] About to save layout /Users/cassiuspalacio/Documents/UC Berkeley TDF/DesComp/DesComp Project_CompVis/Paladin_Digiphant/Paladin_Digiphant/UserSettings/Layouts/default-6000.dwlt
[LAYOUT] About to save layout /Users/cassiuspalacio/Library/Preferences/Unity/Editor-5.x/Layouts/current/default-6000.dwlt
[MODES] ModeService[default].InitializeCurrentMode
[MODES] ModeService[default].RaiseModeChanged(default, default)
[Project] Loading completed in 24.246 seconds
	Project init time: 				0.000 seconds
		Template init time: 		0.000 seconds
		Package Manager init time: 		0.000 seconds
		Asset Database init time: 		0.000 seconds
		Global illumination init time: 	0.000 seconds
		Assemblies load time: 			0.000 seconds
		Unity extensions init time: 	0.000 seconds
		Asset Database refresh time: 	0.000 seconds
	Scene opening time: 			0.000 seconds
##utp:{"type":"ProjectInfo","version":2,"phase":"Immediate","time":1790960679169,"processId":26705,"projectLoad":24.245914583,"projectInit":0.0,"templateInit":0.0,"packageManagerInit":0.0,"assetDatabaseInit":0.0,"globalIlluminationInit":0.0,"assembliesLoad":0.0,"unityExtensionsInit":0.0,"assetDatabaseRefresh":0.0,"sceneOpening":0.0}
##utp:{"type":"EditorInfo","version":2,"phase":"Immediate","time":1790960679170,"processId":26705,"editorVersion":"6000.6.3f1 (45d8eee7de74)","branch":"6000.6/staging","buildType":"Release","platform":"OSX"}
Subscribe to USB device events
2026-10-02 10:04:39.695 Unity[26705:2617345] NSEventModifierFlagFunction specified to -setKeyEquivalentModifierMask: for item <NSMenuItem: 0x76c5d4820 SDF, ke='Command-F12'>, but is only supported for system-provided menu items; will not be used
2026-10-02 10:04:39.704 Unity[26705:2617345] NSEventModifierFlagFunction specified to -setKeyEquivalentModifierMask: for item <NSMenuItem: 0x76c5e2c60 SDF, ke='Command-F12'>, but is only supported for system-provided menu items; will not be used
Start Indexing on Editor startup
[Indexing] Starting Initial Indexing for Assets
2026-10-02 10:04:40.363 Unity[26705:2617345] NSEventModifierFlagFunction specified to -setKeyEquivalentModifierMask: for item <NSMenuItem: 0x76c5d40a0 SDF, ke='Command-F12'>, but is only supported for system-provided menu items; will not be used
2026-10-02 10:04:40.366 Unity[26705:2617345] NSEventModifierFlagFunction specified to -setKeyEquivalentModifierMask: for item <NSMenuItem: 0x76b14f8e0 SDF, ke='Command-F12'>, but is only supported for system-provided menu items; will not be used
2026-10-02 10:04:40.425 Unity[26705:2617345] NSEventModifierFlagFunction specified to -setKeyEquivalentModifierMask: for item <NSMenuItem: 0x76b180820 SDF, ke='Command-F12'>, but is only supported for system-provided menu items; will not be used
GPU Resident Drawer created.
Created GICache directory at /Users/cassiuspalacio/Library/Caches/com.unity3d.UnityEditor/GiCache. Took: 0.029s, timestamps: [24.266 - 24.295]
[Licensing::Client] Successfully resolved entitlement details
[Licensing::Client] Successfully resolved entitlement details
[Licensing::Client] Successfully resolved entitlement details
[Licensing::Client] Successfully resolved entitlement details
[Licensing::Client] Successfully resolved entitlement details
[Licensing::Client] Successfully updated the access token
[Licensing::Module] Successfully updated access token: "4w_6OeNV"... (expires: 2026-10-02T18:45:06Z)
UPID Received '7469b188-bd8a-423c-8547-051c66a2f622'.
[Licensing::Client] Successfully resolved entitlement details
2026-10-02 10:04:54.755 Unity[26705:2617345] NSEventModifierFlagFunction specified to -setKeyEquivalentModifierMask: for item <NSMenuItem: 0x76c5eac60 SDF, ke='Command-F12'>, but is only supported for system-provided menu items; will not be used
Starting new worker id: 1 with log in /Users/cassiuspalacio/Documents/UC Berkeley TDF/DesComp/DesComp Project_CompVis/Paladin_Digiphant/Paladin_Digiphant/Logs/AssetImportWorkerHW1.log
[Worker0] Imported GUID: 709f11a7f3c4041caa4ef136ea32d874 - Path: Assets/Settings - Importer: PreviewImporter -> (ImportResultId: 'fb64a58e3bf9acc0d919dd62c831aa30') in 0.018731416 seconds
2026-10-02 10:04:55.288 Unity[26705:2617345] NSEventModifierFlagFunction specified to -setKeyEquivalentModifierMask: for item <NSMenuItem: 0x76c5ebd40 SDF, ke='Command-F12'>, but is only supported for system-provided menu items; will not be used
[Worker0] Imported GUID: 9c53962885c2c4f449125a979d6ad240 - Path: Assets/Scenes - Importer: PreviewImporter -> (ImportResultId: '5564a76921880800cb70ccb99edc2f9c') in 0.008174542 seconds
Worker ready: AssetImportWorkerHW1 1
TrimDiskCacheJob: Current cache size 0mb
[Licensing::Client] Successfully resolved entitlement details
Asset Pipeline Refresh (id=29d8ba810ac224d2ca9812b73908eac9): Total: 0.173 seconds - Initiated by RefreshV2(AllowForceSynchronousImport)
2026-10-02 10:06:01.989 Unity[26705:2617345] NSEventModifierFlagFunction specified to -setKeyEquivalentModifierMask: for item <NSMenuItem: 0x76c5eb840 SDF, ke='Command-F12'>, but is only supported for system-provided menu items; will not be used
Asset Pipeline Refresh (id=a142a183b3cfa46e7b67aaa753efe8c3): Total: 0.228 seconds - Initiated by RefreshV2(AllowForceSynchronousImport)
Asset Pipeline Refresh (id=299019194979a4e85bf8c6f0ef33d432): Total: 0.115 seconds - Initiated by RefreshV2(AllowForceSynchronousImport)
Importing 'GUID: 00000000000000009000000000000000 - Path: ProjectSettings/QualitySettings.asset' with importer (LibraryAssetImporter)
Imported 'GUID: 00000000000000009000000000000000' -> (Import Result ID: '8151b601d05d3e12de314c2aa1f82962') in 0.011 seconds [static dependencies only]. Details - ImportResultOutputID=2a108b3da874f726c62fbe5f12be4a8a DependenciesID=6180c49ef29638684367d2893c04e070 StaticDependenciesID=5b19720d9149525484b40148944c8e26 
Asset Pipeline Refresh (id=598594a0446134b08b90e5bbbea40561): Total: 0.060 seconds - Initiated by StopAssetImportingV2(NoUpdateAssetOptions)
MonoPathRemapper: Attempts to remap: 59935; Successful remaps: 19014
Thread 0x433957000 may have been prematurely finalized
Serialized file version minimum: 23, current 23
[LAYOUT] About to save layout /Users/cassiuspalacio/Documents/UC Berkeley TDF/DesComp/DesComp Project_CompVis/Paladin_Digiphant/Paladin_Digiphant/UserSettings/Layouts/default-6000.dwlt
[LAYOUT] About to save layout /Users/cassiuspalacio/Library/Preferences/Unity/Editor-5.x/Layouts/current/default-6000.dwlt
2026-10-02 10:09:40.549 Unity[26705:2617345] NSEventModifierFlagFunction specified to -setKeyEquivalentModifierMask: for item <NSMenuItem: 0x76c5ea6c0 SDF, ke='Command-F12'>, but is only supported for system-provided menu items; will not be used
GPU Resident Drawer disposed.
Thread 0x433bc7000 may have been prematurely finalized
Input System module state changed to: ShutdownInProgress.
Input Polling Thread exited.
Input System module state changed to: Shutdown.
Thread 0x17d13f000 may have been prematurely finalized
Thread 0x17d257000 may have been prematurely finalized
Thread 0x17d2e3000 may have been prematurely finalized
Thread 0x17d59f000 may have been prematurely finalized
Thread 0x17d513000 may have been prematurely finalized
Thread 0x17d1cb000 may have been prematurely finalized
Thread 0x17d6b7000 may have been prematurely finalized
Thread 0x17d7cf000 may have been prematurely finalized
Thread 0x17d36f000 may have been prematurely finalized
Thread 0x17d62b000 may have been prematurely finalized
Thread 0x17d743000 may have been prematurely finalized
Thread 0x17d3fb000 may have been prematurely finalized
Thread 0x17d487000 may have been prematurely finalized
[Physics::Module] Cleanup current backend.
[Physics::Module] Id: 0xf2b8ea05
[Licensing::IpcConnector] LicenseClient-cassiuspalacio-notifications channel disconnected successfully.
[Licensing::IpcConnector] LicenseClient-cassiuspalacio channel disconnected successfully.
Shut down UDS service system complete
Thread 0x40bfb3000 may have been prematurely finalized
Lingering sessions upon destruction of worker manager
Unity Data Store service was successfully shut down
UDS shutting down local client system
AcceleratorClientConnectionCallback - disconnected - :0
Cleanup mono
CodeReloadManager destroyed
debugger-agent: Unable to listen on 85
VBCSCompilerPreWarmer: requested VBCSCompiler shutdown
Checking for leaked weakptr:
  Found no leaked weakptrs.
[Package Manager] Server process was shutdown
##utp:{"type":"MemoryLeaks","version":2,"phase":"Immediate","time":1790960982427,"processId":26705,"allocatedMemory":14296444,"memoryLabels":[{"Default":199291},{"Permanent":15672},{"Thread":1056776},{"Manager":2331510},{"VertexData":8},{"Geometry":408},{"Texture":24},{"Shader":859314},{"Material":68},{"GfxDevice":42304},{"GfxThread":1920},{"Animation":968},{"Audio":1896},{"FreeType":8},{"FontEngine":736},{"Physics":2002},{"Physics2D":16},{"Serialization":16672},{"Input":43216},{"JobScheduler":448},{"TextLib":22836},{"Mono":56},{"MonoCode":72},{"ScriptingNativeRuntime":155024},{"BaseObject":48904},{"Resource":1028},{"Renderer":2456},{"Transform":4693},{"File":13515},{"WebCam":32},{"Culling":32},{"Terrain":11346},{"Wind":24},{"String":1138638},{"StaticString":3808},{"Utility":2693696},{"PoolAlloc":2632},{"AI":80},{"TypeTree":17293},{"ScriptManager":12656},{"CodeReload":448},{"RuntimeInitializeOnLoadManager":64},{"Sprites":102},{"SpriteAtlas":120},{"GI":7240},{"Director":8288},{"CloudService":7728},{"WebRequest":4905},{"VR":49426},{"SceneManager":616},{"Video":2112},{"LazyScriptCache":32},{"NativeArray":936},{"Camera":1177},{"Secure":11865},{"SerializationCache":9704},{"APIUpdating":10320},{"Subsystems":336},{"VirtualTexturing":57504},{"StaticSafetyDebugInfo":278528},{"Baselib":16},{"Analytics":568},{"Hierarchy":1492},{"UIElements":40},{"CoreStats":14536},{"Identifiers":7152},{"Gui":280927},{"EditorUtility":79552},{"VersionControl":8},{"Undo":939},{"AssetDatabase":4671346},{"AssetImporter":40},{"EditorGi":328},{"UnityConnect":36969},{"Upm":1788},{"UpmDiagnostics":8},{"AssetCompliance":96},{"DrivenProperties":72},{"HubClient":848},{"LocalIPC":213},{"ProfilerEditor":9738},{"CoreBusinessMetrics":3205},{"Windowing":416},{"TLS":24591},{"Licensing":992},{"AssetReference":32},{"IPCStream":7003}]}
